,0,1,2,3,4,5,6,7
0,-2.201576198484787,16.569042491903428,1.004912697272733,0.40775995861501074,-0.03912920363636385,0.006193123235346461,2.1354394834848467,0.8664899121555308
1,-28.396862395454576,16.132339840046182,0.736486771515148,0.4101368675771546,-0.04889351348484852,0.006419835737792713,1.565034391060598,0.871540843718962
2,9.438635442424257,16.18540781704302,0.7650317451515232,0.40563272277943035,-0.058410108333333405,0.006401107067778269,1.6256924595454514,0.8619695359887433
3,-61.00075849696971,16.197676012772874,0.2710317451515154,0.32605125376084326,-0.04646566363636348,0.006183077889584504,0.5759424595454465,0.6928589143357623
4,-39.58180708333327,16.331309046077745,-0.29436507954546,0.32941860846889054,-0.03462343181818178,0.005731635704227241,-0.6255257939393832,0.7000145431581034
5,-29.211436715151464,16.129938202611754,-1.1529497346969686,0.37740108512329784,-0.022794728030303274,0.0049700112542861285,-2.450018187424252,0.8019773060099452
6,-22.579735080303003,16.287032764355818,-2.472949734696974,0.38596231166791756,-0.012083773181818247,0.003708387320588825,-5.255018187424252,0.820169912424413
7,-39.118238386363586,15.755050123933877,-2.360267536666667,0.4039371985509487,-0.00045077636363632934,0.00019270670687827126,-5.0155685166666775,0.8583665471033197
8,-23.468887739393942,6.779610568868991,-3.3256379066666653,0.4686375129385062,-0.0006095063636364639,0.00019270670687827126,-7.066980553333337,0.9958547151516759
9,-42.37638375151516,6.345369524165426,-2.607787029696964,0.42783806952806047,-0.0008407665151517751,0.0001904139327617213,-5.541547439242436,0.9091558978740251
10,-41.399132886363645,6.249865267050758,-1.9328375354545413,0.40423161269612534,-0.0008190666666668678,0.00018721766253214521,-4.1072797625757484,0.85899217704388
11,-32.11381173181824,6.249828083152748,-0.38906438712121183,0.2601878789472773,-0.00017496530303029445,4.941438913233822e-05,-0.8267618225757545,0.552899242842169
12,-22.97062471666667,6.25018275069262,-0.3337294889393938,0.26616388427177873,-0.0001658481818181401,4.864550785542539e-05,-0.7091751637878829,0.5655982541221982
13,-3.8926645560606588,4.390987245271328,0.18112388287879533,0.2356208255775906,-4.712878787893615e-05,4.690512017091308e-05,0.38488825287879,0.5006942543560844
14,17.3428868378787,3.4881202110430047,1.1103335048484864,0.23242637828006918,0.00012781696969693668,2.8663588353907352e-05,2.3594586998484957,0.4939060538308262
15,12.010806645454508,3.7590247395062124,0.344696495909087,0.24712964408296687,5.4336969697033055e-05,3.0559859332352235e-05,0.7324800546969712,0.5251504937280101
16,1.6698975484848333,3.8143561634966723,-0.41905350393939056,0.2513031722750118,-8.455181818189939e-05,3.0404640602196095e-05,-0.8904886951515056,0.5340192411680328
17,-5.61846686212121,3.8379524235208904,-1.0075210963636372,0.2524583409454059,-9.251651515135295e-05,2.919097426452817e-05,-2.1409823292424246,0.5364739745997008
18,-5.3017619409090955,4.074889592447424,-0.9156572568181809,0.2524735886029888,-8.020060606031554e-05,2.7773328124432783e-05,-1.9457716707575745,0.5365063758748674
19,0.05592888636364535,6.534603323668923,-1.05666428833334,0.24034667943003307,2.170484848476595e-05,6.004011347245487e-05,-2.2454116136363655,0.5107366937819141
20,4.4121238666666684,6.549524933053146,-0.4260460706060609,0.21921211943875551,8.425499999992203e-05,6.033485083191307e-05,-0.9053479013636334,0.4658257537754803
21,17.714346716666682,6.682687067348592,0.5187745487878814,0.2170911643458243,0.00021732545454539176,5.892501304564875e-05,1.1023959157575725,0.4613187242404786
22,25.779008489393966,6.699335449257331,1.2910489590909124,0.2065571188364773,0.000280915303030177,5.8945535937497356e-05,2.7434790381818175,0.438933877530031
23,25.19911056666661,6.6978866206782035,1.5874360218181849,0.21378539556369439,0.00034526060606068776,6.0576904895710606e-05,3.3733015469697047,0.4542939655443231
24,19.65489398484845,6.706578327598819,1.652574055909093,0.21379096153954225,0.0003267325757573547,6.116522021906316e-05,3.5117198678787798,0.4543057932477837
25,-13.264748789393934,6.679703158666087,0.9477521839393965,0.20933448978279612,2.2969696968078157e-06,6.094238736301943e-05,2.0139733909090918,0.44483579079603697
26,-18.295501431818195,6.0970969555085155,0.6937985327272678,0.18242562095215134,-1.8088333333388107e-05,6.114082023567532e-05,1.474321881363636,0.387654444425497
27,-14.796830171212143,5.803921442220554,0.1743906996969713,0.14747199412836615,-4.7281363636381135e-05,5.8274932758861745e-05,0.3705802360606114,0.3133779873219799
28,-7.864688245454516,5.804918332060141,0.047709565454550074,0.1328967452562258,-1.252833333340031e-05,5.829526979563366e-05,0.10138282606061644,0.2824055834118302
29,-0.2870480984848456,5.951614135304794,-0.3267300645454574,0.11975002348595824,-8.407530303039534e-05,5.6987311717409516e-05,-0.6943013854545388,0.2544687997611844
30,21.97380541060607,2.937239917667896,-0.05360400000000265,0.1324033640270336,0.0001219590909089241,4.060809361882893e-05,-0.1139084986363681,0.2813571485247502
31,23.20731937272722,3.0506287610125757,-0.10060724696970169,0.13216116458567323,0.0002534039393939369,4.594635079800249e-05,-0.21379039787878362,0.2808424746972536
32,20.708584625757567,2.9465480691542445,-0.1774378712121205,0.13009707199849668,0.0002281916666665995,5.565994350273163e-05,-0.3770554730303033,0.27645627793807726
33,20.20336162121218,2.601445952306786,-0.08560425651515047,0.13116053449756804,0.000359513636363773,6.71410376964687e-05,-0.18190904378787565,0.2787161357472497
34,17.99381791060604,2.451903531178421,-0.416058123787888,0.12914423675478712,0.00029839333333323004,6.756279663596436e-05,-0.8841235119697011,0.27443150305967917
35,6.95325711060601,2.023882317944601,-0.03042562984849173,0.18912529655685123,0.00033007272727272885,7.432624578546767e-05,-0.06465446393939978,0.40189125483084664
36,-4.279413727272718,3.9035885771294283,0.8993784634848501,0.24724132310181302,0.0002603663636364939,7.956278235144892e-05,1.9111792343939449,0.5253878112680745
37,-6.159844022727299,3.910386132821381,1.431345161363633,0.2713796297028984,0.0003212745454546362,8.699997334624814e-05,3.041608465303023,0.5766817127351825
38,-14.040757259090952,3.8726424596764626,1.3914133480303104,0.267637042158139,0.00016500075757583388,8.311708954727529e-05,2.956753362575757,0.5687287142481957
39,-16.32205519393935,3.882313509963842,1.815513603333332,0.2796195960424179,9.731409090898979e-05,9.000133487035603e-05,3.8579664059090835,0.5941916413048897
40,-15.290271140909049,3.78472310969886,2.0190574733333344,0.26886201618155725,0.00022043075757566255,8.975976869952079e-05,4.290497128333328,0.5713317841204327
41,-12.348023831818153,3.7857731946099173,1.0720177483333337,0.22290451363281108,-2.10040909090492e-05,8.14976001492221e-05,2.278037714090919,0.47367209113135306
42,11.297257384848507,4.081840882418101,0.2995026595454542,0.20824940142087828,0.0003826630303029044,9.023549677197831e-05,0.6364431516666702,0.4425299777649207
43,12.424759813636399,3.9405944126373713,-0.1868132049999982,0.19860471024426282,0.00030507287878789313,9.026153344321386e-05,-0.396978059999995,0.422035008996262
44,9.74976523939393,4.046089611597102,-0.477491499696967,0.24212034043757188,0.000287234848484752,9.890793933737978e-05,-1.0146694357575825,0.5145057230891906
45,9.2036291636364,3.966052280617387,-1.1994749662121196,0.22884261454016164,9.786045454554526e-05,9.472760246897735e-05,-2.548884301363632,0.4862905556014531
46,8.448656360606108,4.227926054206852,-0.9557323031818221,0.2181339060673884,0.00023381060606064707,0.00010112812900662312,-2.0309311436363586,0.46353455018984424
47,0.48554140757573805,2.530984029423914,-0.7351858125757627,0.19951148768922367,4.030484848482896e-05,7.420597314945768e-05,-1.5622698499999998,0.4239619110926324
48,-7.539508516666658,2.537272442916762,-0.9200367686363631,0.19067354308804613,-0.0001916746969696237,7.996042489458497e-05,-1.9550781333333322,0.4051812789318668
49,-2.353559157575731,2.582549129035211,-1.3769650001515155,0.19221075788903727,-0.00028340787878791684,8.148546484035177e-05,-2.926050624242418,0.4084478604007437
50,8.979672515151549,2.7285198501409624,-0.4902917128787898,0.17056469567957527,3.171939393947776e-05,7.934963473604736e-05,-1.0418698895454526,0.3624499781126404
51,14.293688312121269,2.873134412705777,-0.35498790742424013,0.16808309165819876,-6.225287878788843e-05,8.067611667916402e-05,-0.754349304696964,0.3571765695763442
52,7.252058763636313,2.82319269726311,-0.715568476363635,0.1844555134883567,-0.0004029378787878679,9.254912243910367e-05,-1.520583014393937,0.3919679661160264
53,7.963855622727216,2.647816491052586,-0.6101093731818219,0.18872777109885966,-0.0003819031818183549,8.332679948341408e-05,-1.296482420303029,0.4010465133954695
54,7.245126554545536,2.526904439116446,-0.3234490469696949,0.16172148906846603,-0.0003582930303029641,8.939745326581457e-05,-0.6873292271212161,0.34365816413917855
55,-1.0180370151515206,1.90737049867582,-0.5377379459090914,0.1551458158793895,-0.0004609910606059864,8.496151915489497e-05,-1.1426931366666704,0.3296848586309789
56,-6.896180003030352,1.8019014310692796,-0.7024781224242416,0.1543820672182138,-0.00048348818181817577,8.027150044331814e-05,-1.4927660098484807,0.32806189269824326
57,-6.097004701515196,1.9409848220443633,-0.622495599999997,0.13432454457463838,-0.00035670454545458363,5.31405787671008e-05,-1.3228031493939518,0.28543965708568597
58,-2.876562901515136,2.011315640040545,-0.34062271030303126,0.13398096548066765,-0.00015722999999995269,4.52798172137317e-05,-0.7238232562121194,0.28470955150379534
59,5.889985153030253,2.6438880344676297,0.12989138939393907,0.13646865847695974,-6.908499999999651e-05,5.09898065000157e-05,0.276019205606044,0.2899958991474337
60,9.401506440909024,2.7037502990791995,0.5419202598484896,0.13605967349190728,3.9727424242519405e-05,5.357176436325209e-05,1.1515805543939361,0.28912680612293035
61,14.939235472727255,2.6987046477976793,0.6974497878787878,0.1540129395153352,0.0001630171212120557,4.8226458947467e-05,1.4820808021211995,0.3272774965384065
62,20.277921474242433,2.754070076893225,0.8206855909090915,0.1676564727670525,0.0002340284848485752,5.318734218490581e-05,1.7439568828787788,0.35627000472961373
63,13.900465566666647,2.6837605103431885,0.9037685807575757,0.1606277609403966,0.00020827030303038896,4.860442032511566e-05,1.9205082359090841,0.3413339919700889
64,7.883863459090961,2.3693396898167864,0.50262789818182,0.15239330583536992,0.0001842918181817199,5.026533565683461e-05,1.0680842840909044,0.32383577488458426
65,-4.930097512121137,2.4972649996228022,0.22742629575757345,0.1363569057205789,-2.7486515151581292e-05,4.369327701108053e-05,0.4832808798484667,0.28975842467672314
66,-14.793351786363687,2.7742978633931683,0.27476028909091177,0.13454606263759583,-1.2539848484871552e-05,5.5476566007340615e-05,0.5838656134848463,0.2859103831731881
67,-19.125082463636325,3.3034001722989865,0.01530471333333061,0.14312513670813143,-5.56848484849215e-05,5.6346912240669505e-05,0.032522514999993035,0.3041409155689826
68,-26.528383148484842,3.769362955065572,-0.3101694727272708,0.1375829831106622,-0.00021626772727267873,5.6447660458951876e-05,-0.659110131212115,0.2923638390949135
69,-23.708116836363615,3.8105391940287254,-0.43258082318181845,0.13476550002676926,-0.00024247121212128686,5.697097529183087e-05,-0.9192342512121154,0.28637668753280104
70,-14.78984033787885,3.385467631323757,0.09966459833333552,0.13427574511191384,-6.853348484853194e-05,5.3504377696541084e-05,0.21178726984849128,0.2853359583426766
71,-6.43395980606055,3.4413748989424398,0.19706909227272362,0.13432847915656562,-5.464439393920717e-05,5.2132716238269806e-05,0.41877181848484213,0.28544801821076937
72,0.5464679257575611,3.4455128846218503,0.3464985778787888,0.1279522664399192,0.00012803060606067507,5.451635862762988e-05,0.7363094763636369,0.27189856615922087
73,13.489666437878789,3.3168836579373386,0.17848018303030955,0.12086417037854535,0.00012763818181826814,4.886382067787573e-05,0.3792703871212133,0.25683636198732296
74,27.907083525757557,3.553157832264689,-0.06485630333333603,0.12770559606285453,0.00019066575757564763,4.8494832480948956e-05,-0.13781964681818692,0.2713743916850335
75,24.087523722727298,3.5637717958912822,-0.8465417846969681,0.16210270430628518,4.759590909092504e-05,5.005952328878793e-05,-1.798901292878794,0.344468246569622
76,17.83495542727273,3.5509597604842975,-1.1149910290909082,0.16664370223949485,-6.611257575769858e-05,5.117259991166047e-05,-2.3693559366666594,0.35411786722290517
77,13.279081480302999,3.705877755316088,-1.3328725250000018,0.17707905614611352,-0.0002130725757576446,4.599344089097497e-05,-2.8323541162121213,0.3762929942895028
78,10.963864195454605,3.178512925492934,-1.289424960151515,0.17800757540652737,-0.00011925106060614588,4.7428576671742036e-05,-2.7400280415151546,0.37826609777275355
79,-0.7611354681817772,2.5225586904549075,-1.4479278501515158,0.1900824633716104,-0.00019064075757593835,5.704752729794636e-05,-3.076846683181813,0.4039252346413189
80,-9.017299143939361,3.3115726673554953,-1.1255592519696944,0.17093227412689352,-0.0002827443939394658,6.396787621652661e-05,-2.3918134110606015,0.3632310825925461
81,-13.573678274242482,4.314690193150105,-0.6561351234848467,0.1646587890362151,-0.00023941712121222647,6.635425247914371e-05,-1.3942871384848488,0.34989992665509
82,-15.576026136363623,4.318978720623741,-0.6559248221212055,0.1500968155089335,-0.00019558212121212337,6.069514224737968e-05,-1.393840246363638,0.3189557327854204
83,-30.03814686363647,4.538675111968062,-0.5481455739393915,0.14035657090007958,-0.000468473787878787,6.401886298209733e-05,-1.1648093439393925,0.2982577129678643
84,-44.96536097878785,5.7009605681023166,0.16228558257575854,0.1952875619414725,-0.0004981643939394598,6.471947869085735e-05,0.34485686575757235,0.4149860689713722
85,-45.067278298484865,6.16957863979399,0.9501734487878766,0.23385406654952387,-0.00039321878787884623,5.9699545556916136e-05,2.019118580454542,0.496939891303211
86,-43.023488765151505,6.236839418989902,0.8491615436363631,0.25333699853858827,-0.0002953999999999457,5.9278006815342525e-05,1.804468282575744,0.5383411218534464
87,-33.40941208636366,5.979141303055807,1.3317453921212108,0.2538964710006173,-0.00022016454545442654,5.8612990408367e-05,2.8299589593939434,0.5395300008433005
88,-26.557400936363642,4.630543612600112,1.950622466818186,0.28339464100579076,-5.798575757581803e-05,2.473992162277053e-05,4.145072741363629,0.6022136120669359
89,-22.943909910606095,3.3911481405185238,2.6085657992424194,0.3378094974055822,3.314378787880323e-05,1.5438801822111254e-05,5.543202322272727,0.7178451818061161
90,-11.552301516666681,3.138742041139267,2.0080657992424245,0.31442896009445614,6.22816666667747e-05,1.5653598790402008e-05,4.267139822272732,0.668161539986578
91,0.01947688030305983,2.9964413156086573,1.4743873478787917,0.3193382291422387,6.228166666691348e-05,1.5653598790402008e-05,3.1330731133333334,0.6785937367189312
92,0.11302101969697276,3.081674408674695,0.8232098112121244,0.28356800477515903,-2.105166666668823e-05,1.5653598790402008e-05,1.7493208484848477,0.6025820099998969
93,4.813253316666675,2.595889572499856,0.2158153239393945,0.3192886265179547,-9.828030303055124e-06,1.5882004809747007e-05,0.4586075634848541,0.6784883312623943
94,7.511376331818198,2.810886636450503,-0.8178143107575719,0.3214369214024427,6.939393937255289e-07,1.5681392482758568e-05,-1.737855410454543,0.6830534578945251
95,14.83809849242423,3.74430922159847,-1.92234832212121,0.3419630555557746,-3.397303030311383e-05,1.5372075126212537e-05,-4.084990184393931,0.7266714929736243
96,12.827531283333329,3.351013069866267,-2.467603877575757,0.34963092476341145,-6.730636363638798e-05,1.5372075126212537e-05,-5.243658239848488,0.7429657150475534
97,10.97715249545459,3.2636576337938936,-2.282760127575758,0.35503254672564577,-2.1851818181872762e-05,9.557950234973865e-06,-4.850865270909104,0.754444161698206
98,18.061546236363633,3.275463659722331,-2.8756928471212118,0.36541988936588704,6.73606060611065e-06,1.274758042703782e-05,-6.110847298939386,0.7765172647521967
99,19.420859481818162,3.2662939969832117,-1.9824236739393908,0.35197038644525,6.73606060611065e-06,1.274758042703782e-05,-4.2126503069696986,0.7479370711035697
100,6.805971869696954,3.312300215579645,-1.3587018272727258,0.26669438581111027,8.157727272722903e-06,1.184267176620158e-05,-2.8872413825757492,0.5667255698365494
101,-10.301280686363583,3.2866958243956774,-0.8573648406060652,0.19895162753519638,3.50787878786174e-06,1.134838023975706e-05,-1.821900285909086,0.4227722085131745
102,-7.586889818181817,3.3505864087115214,-0.692540279242424,0.19152448632874725,3.50787878786174e-06,1.134838023975706e-05,-1.4716480927272624,0.4069895334690454
103,-9.497874666666668,3.0915511695337794,-0.3105298625757591,0.10920655082532003,3.50787878786174e-06,1.134838023975706e-05,-0.6598759577272695,0.23206392058324124
104,-15.894863421212087,3.524994208036812,-0.4161378292424289,0.10687698629001446,-5.938545454553523e-05,1.134838023975706e-05,-0.884292887727276,0.22711359601932365
105,-16.30048210909088,3.6829719524206603,-0.35632880090908925,0.10982049457877546,-4.6759090909231915e-05,1.1164729011526225e-05,-0.7571987027272753,0.2333685512162749
106,-4.2465523984848375,2.7134392866920582,-0.023253268939396055,0.10923018273268614,-3.430545454555234e-05,1.0848337253100277e-05,-0.04941319666666111,0.23211413855078886
107,-7.7996659545454605,3.3759103460325073,0.05841339772727272,0.12022194848845803,-3.430545454555234e-05,1.0848337253100277e-05,0.12412847000000671,0.2554716407806839
108,-15.751220986363599,3.4352887354614867,-0.1293881372727257,0.12102298022700576,-3.430545454555234e-05,1.0848337253100277e-05,-0.2749497922727251,0.25717383320917536
109,-19.695379557575734,3.257016965378798,-0.10526864060606211,0.1300452688415202,-1.3877787807814457e-16,1.3877787807814457e-17,-0.22369586106060435,0.2763461964408265
110,-12.221867251515164,3.1950965442584116,-0.4886548115151479,0.13211339715185996,-1.3877787807814457e-16,1.3877787807814457e-17,-1.0383914749999956,0.2807409690970058
111,-7.277571353030297,3.395523449929831,-0.5058606940909116,0.12703396623430505,2.2281818181785207e-05,8.45535550371752e-06,-1.0749539749999926,0.26994717836926163
112,-0.75061346060604,3.731952573500265,-0.5065993304545469,0.1288059802363872,2.2281818181785207e-05,8.45535550371752e-06,-1.076523577272721,0.27371270811638637
113,13.26423135151515,3.502195752722696,-0.0924765234848457,0.11398212132076094,2.2281818181785207e-05,8.45535550371752e-06,-0.19651261212121351,0.24221200788249142
114,22.430898018181793,3.1501983300374463,-0.3849765234848479,0.11659968097788391,2.2281818181785207e-05,8.45535550371752e-06,-0.8180751121212104,0.24777432215407486
115,23.271738859090938,3.7216542842066223,0.10223068378788058,0.09243083160319278,2.2281818181785207e-05,8.45535550371752e-06,0.2172402027272735,0.19641551710256253
116,27.131828037878805,4.569918066260904,0.36752053909090865,0.11718874186329414,9.221212121199307e-05,2.7033557396699973e-05,0.780981144696975,0.2490260764292216
117,23.758387751515215,4.633173650020015,0.6758457024242404,0.16762133863800646,4.319212121198235e-05,2.7033557396699977e-05,1.4361721163636343,0.3561953446007895
118,13.082679059090907,3.8387955934034874,0.5570284978787865,0.16712344065431084,4.319212121198235e-05,2.7033557396699977e-05,1.183685557272729,0.355137311479473
119,12.360068328787897,3.321154597938059,1.0786951645454534,0.18612362645898575,4.319212121198235e-05,2.7033557396699977e-05,2.292227223939398,0.39551270630658525
120,12.385320848484866,3.7674353056706065,0.9956396092424247,0.18074235458095797,4.319212121198235e-05,2.7033557396699977e-05,2.1157341686363607,0.3840775036073461
121,-3.085960700000001,4.637712031257907,0.868262013484844,0.176158995932102,4.319212121198235e-05,2.7033557396699977e-05,1.8450567798484885,0.3743378664947033
122,-9.177281143939418,5.09600596642705,0.39228162136363487,0.1906175702685802,-8.391636363638821e-05,2.653668420498368e-05,0.8335984468181845,0.40506233695146643
123,-11.807074113636347,5.052741150580865,-0.08738648848484853,0.19166389045920565,-4.784136363636393e-05,2.8617184189899946e-05,-0.18569628651515124,0.4072857673617252
124,-11.971301689393883,5.462669350045013,-0.3030719718181829,0.19977702279485637,-4.928787879221463e-07,3.1578808139646275e-05,-0.6440279398484883,0.42452617358371236
125,-12.618360515151537,5.254834559469339,-0.8411700112121245,0.18764978397395723,-4.928787879221463e-07,3.1578808139646275e-05,-1.7874862731818153,0.3987557911129528
126,0.2883208727272546,5.224213302375324,-0.5776904449999964,0.18530961360528028,-4.928787879221463e-07,3.1578808139646275e-05,-1.227592195303031,0.3937829289903971
127,22.910896875757523,4.8309817571568106,-0.14563370712121104,0.1868771486919472,8.342348484846607e-05,2.14718375248636e-05,-0.309471627878799,0.39711394100963876
128,13.62480062121211,4.76711308466938,0.7101996262121224,0.1744125227510794,8.342348484846607e-05,2.14718375248636e-05,1.509174205454542,0.3706266108911489
129,10.47917384848482,5.001270263586005,0.8905554890909073,0.17521926652701997,4.058484848468158e-06,2.14718375248636e-05,1.8924304145454496,0.3723409413738044
130,-6.850461795454521,5.020235538075138,0.629884854242424,0.16420764229706564,-0.00010010818181818704,2.14718375248636e-05,1.3385053153030313,0.3489412398907714
131,-11.126679859090878,4.798342784797462,0.27041998590909166,0.149001694126007,-0.00010010818181818704,2.14718375248636e-05,0.5746424686363483,0.31662859999589604
132,-15.769380157575767,3.8388044889085418,0.12018879227273294,0.1496580823261479,-0.00010010818181818704,2.14718375248636e-05,0.25540118212120433,0.31802342487207264
133,-10.205780627272745,3.384405156335101,-0.2751455545454551,0.11867736242714559,-0.00010010818181818704,2.14718375248636e-05,-0.5846843040909189,0.25218939503282506
134,-8.243388851515192,3.384149323217873,-0.16723781666666104,0.16609228264654066,-2.525227272731634e-05,2.057349532370755e-05,-0.35538036060605904,0.35294610065288445
135,8.125704625757564,2.321313961061694,0.1652904318181858,0.19232814012794597,5.7246212121220275e-05,1.4666337743053371e-05,0.3512421674242372,0.4086972977990973
136,14.813591906060637,2.5207749231981635,0.7070557206060624,0.2223609950309949,8.881212121183979e-05,1.7508329110678728e-05,1.50249340772727,0.47251711463451973
137,15.674325207575741,3.2769084898677665,0.9143274942424195,0.21285281555650312,0.00011109393939390255,1.791765703073392e-05,1.9429459280302996,0.4523122332822075
138,11.49319692424239,3.2768336598188395,1.3139683159090865,0.2162690104801101,0.00011109393939404133,1.791765703073392e-05,2.792182672272725,0.45957164750664037
139,6.521388240909118,3.614100262811319,1.300243576666662,0.21802307330230553,0.00011109393939376377,1.791765703073392e-05,2.763017602424238,0.46329903100548664
140,-3.084041054545459,3.333864633624934,0.6777782986363645,0.22176073898237494,4.1648939393817974e-05,1.791765703073392e-05,1.440278886060593,0.4712415705568557
141,-2.05591532575756,3.20426858980408,0.24090441363636472,0.23386154996188135,2.770454545358847e-06,1.758893436930936e-05,0.5119218795454472,0.4969557937179348
142,-2.5307529999999545,3.26388828250718,-0.5172999507575771,0.21809550073606968,-5.0891969697181016e-05,1.6933249987537458e-05,-1.0992623965151438,0.463452939060934
143,-13.541738215151504,3.290021067278555,-0.7929430407575788,0.18587090960244781,-9.991196969719174e-05,1.6933249987537458e-05,-1.68500396363636,0.394975682985747
144,-13.012071801515077,3.3078750692478267,-0.8242595672727271,0.21098609624577988,-9.991196969719174e-05,1.6933249987537458e-05,-1.7515515824242378,0.44834545457155245
145,-7.010131669696946,3.4903718951906617,-0.8034076025757542,0.25932271029898485,-6.203287878800423e-05,1.568170137663866e-05,-1.7072411572727209,0.5510607594745778
146,-1.9505528272727446,3.455018711773127,-0.17615148136363779,0.24668642211751235,-3.121651515169965e-05,1.4679212381757744e-05,-0.37432190060606274,0.5242086470718889
147,1.271968627272706,3.4427022978816537,-0.48199819712121617,0.21722860049747475,-3.209742424251094e-05,1.1073285497946272e-05,-1.0242461689393956,0.46161077596841404
148,4.939554227272751,2.850488114030936,-0.6924437187878785,0.21908498707996546,-2.3961969697200436e-05,9.719416427231764e-06,-1.4714429027272669,0.46555559744039415
149,9.309748069696973,2.842208387823263,-1.0078941313636358,0.22135934317581235,-2.3961969697061658e-05,9.719416427231766e-06,-2.1417750287878823,0.4703886041126029
150,5.688166400000014,2.7154445021371973,-0.7059876271212073,0.22133837869424708,-2.3961969697061658e-05,9.719416427231766e-06,-1.5002237072727365,0.4703440545894674
151,7.898221495454543,2.3234011237720287,0.01209823060606352,0.22047417562379726,-2.3961969697061658e-05,9.719416427231766e-06,0.02570874136364587,0.46850762307740046
152,7.774968624242398,2.442809554598211,0.09558208045454597,0.18030693477551263,-2.820151515231517e-06,8.12135166558048e-06,0.20311192212123075,0.38315223643113644
153,3.1684871348484833,2.610639067216742,0.1750265251515204,0.17418793312633227,1.6118939393794385e-05,6.1167074341275385e-06,0.3719313668181812,0.37014935789520986
154,-11.719757018181873,3.76644444713765,0.08421092212121728,0.21238794484103268,-1.9342727272803062e-05,6.1167074341275385e-06,0.17894821045454812,0.4513243828097914
155,-13.53135121818184,3.8186357243382383,0.04238483545454974,0.21011663325768143,-1.9342727272803062e-05,6.1167074341275385e-06,0.0900677754545498,0.4464978456959768
156,-21.939982990909108,3.8700790022113276,-0.24289294227272995,0.18324985026279642,3.614090909181966e-06,1.013149557706453e-05,-0.5161475022727213,0.38940593179338945
157,-15.664730475757587,4.65770806721042,0.17888483606060213,0.19759116806097624,7.937166666666107e-05,2.9048877521734958e-05,0.38013027606061733,0.4198812320957268
158,-10.0912877090909,4.586718169631992,0.23846816909090407,0.2154698900684053,7.937166666666107e-05,2.9048877521734958e-05,0.5067448590909152,0.45787351635614987
159,-6.1921903515151655,4.893216758113955,0.46527667999999744,0.2419755879256836,9.871439393932535e-05,2.9193302482500012e-05,0.9887129445454601,0.5141981242867281
160,6.311103454545375,4.979686532109318,1.6880303030303034,0.28659656093244057,9.871439393932535e-05,2.9193302482500012e-05,3.5870643939394053,0.6090176919615913
161,16.413376181818187,4.658916530519936,2.1728219696969653,0.30009669008070217,9.871439393932535e-05,2.9193302482500015e-05,4.617246685606071,0.63770546640254
162,15.029078662121194,4.920145356946388,2.162152778333337,0.2989695787833419,4.82093939392636e-05,2.9193302482500012e-05,4.594574653333341,0.635310354895578
163,-1.8863253727272777,4.920407898860322,1.5681249999999913,0.3177409464294599,-0.00011845727272738471,2.9193302482500012e-05,3.3322656250000016,0.6751995111447024
164,-9.567903056060594,4.977483689150991,1.1997916666666653,0.31325478294495185,-0.00011845727272738471,2.9193302482500012e-05,2.549557291666673,0.6656664137398666
165,0.5544745621212499,5.086834448776303,-0.004930555303030992,0.2416402356101416,-9.903227272733961e-05,2.9178069492159224e-05,-0.01047743030301973,0.5134855006866761
166,20.592353350000003,7.76523938140385,-0.8715972219696955,0.22410433611012778,-9.903227272733961e-05,2.9178069492159224e-05,-1.8521440969697078,0.47622171425626286
167,23.583055828787884,7.8077383373736735,-1.2791301169696956,0.2222454963905101,-5.1547727272643895e-05,2.8999713628965536e-05,-2.7181514987878774,0.4722716798655629
168,21.99286823787876,7.693266754377041,-1.6745467833333305,0.26272357784610034,3.936136363638654e-05,1.0020800787022468e-05,-3.558411915151529,0.5582876029470285
169,23.41542715909089,7.750024846157492,-0.5779727090909059,0.29690900280401866,6.04053030302254e-05,1.1846134776391737e-05,-1.2281920075757569,0.6309316309549685
170,26.05953743939395,7.3180639377129495,-0.17067738712121194,0.2936072124340544,8.69871212121065e-05,1.3994164688855345e-05,-0.36268944924242597,0.6239153263898827
171,9.873232699999974,7.069525701717842,0.909483902727275,0.2838868601651068,0.00011756575757582155,2.8038424467651425e-05,1.9326532921212092,0.6032595777877007
172,-31.25140073181818,7.480786085448371,0.9183951928787826,0.2745217918322509,0.00011756575757582155,2.803842446765143e-05,1.9515897837878882,0.5833588075589465
173,-32.36251184848484,7.851645969642391,0.7978981165151477,0.273411819936319,7.370575757573161e-05,2.803842446765143e-05,1.6955334974242398,0.5810001172631242
174,-35.598442577272706,8.475614778206477,2.509564783181819,0.5580341432110577,7.370575757559283e-05,2.803842446765142e-05,5.332825164090913,1.1858225543342975
175,-39.26667248939392,8.431803196518228,1.4003518198484866,0.57076264286776,2.740909090900856e-05,2.803842446765142e-05,2.975747617424238,1.2128706160987255
176,-41.41088791969697,8.392455956070158,0.6338021118181825,0.5844842360264172,-7.760909090936963e-06,2.847155019394597e-05,1.3468294893939436,1.2420290015315059
177,-22.009739333333336,5.154265964271269,-0.15208050484848634,0.6119896927957967,-7.435393939395074e-05,4.144568581801637e-05,-0.3231710706060653,1.3004780971552337
178,-16.585408040909115,5.180714219159145,-0.22798239257576292,0.6193142318807966,-5.043030303034102e-05,4.22412378849116e-05,-0.48446258257575536,1.3160427427063153
179,-12.559106059090936,5.222359398201354,-0.5139167354545471,0.5987486518455827,-5.043030303034102e-05,4.2241237884911596e-05,-1.0920730618181818,1.2723408851372653
180,1.7401363636363243,5.250325000053017,-3.1725972910606015,0.5914867716220371,-2.517757575787316e-05,4.287759205725306e-05,-6.74176924242424,1.2569093896546006
181,7.039511692424227,4.9913170971827725,-2.7782734600000025,0.5978522486357993,6.7206060605506934e-06,4.3189814643336115e-05,-5.903831102727279,1.2704360283393539
182,22.402659295454548,4.441068640845462,-1.803413244848484,0.5898703706134707,9.469696969688357e-05,3.593497341100435e-05,-3.832253145757587,1.253474537556591
183,5.837914722727291,4.675555880458066,-1.3213754936363653,0.599863997653904,-0.00011363636363642682,3.593497341100435e-05,-2.807922924696973,1.2747109950453765
184,8.828692057575758,4.6187027842336965,-1.213042160606057,0.6038043711901446,-8.069848484851261e-05,3.6847223657145045e-05,-2.577714591666682,1.2830842888081189
185,7.1278122939393995,4.1154578217687074,0.2634363340909096,0.14694302638125198,-8.069848484837383e-05,3.6847223657145045e-05,0.5598022090909094,0.31225393108037797
186,5.676906169696956,4.18063950267422,0.23088322984848197,0.15315048141727333,-5.8416666666449846e-05,3.670566110412565e-05,0.49062686242423936,0.3254447730968126
187,1.6405034151514997,3.5179256773098984,0.12141824469696694,0.13867656480981214,-4.774621212122465e-05,3.629917961848754e-05,0.2580137704545482,0.2946877003281511
188,14.66929129393936,2.2256912881128117,-0.3378817553030289,0.1110489534601132,6.589015151520217e-05,1.4352997601503993e-05,-0.717998729545446,0.2359790262238168
189,2.6924078393939865,2.197490455039332,0.5112574624242416,0.22853867903984507,6.589015151520217e-05,1.4352997601503993e-05,1.0864221092424309,0.4856446930961118
190,-3.0224607136363346,2.1131290421626336,1.058094583636362,0.22980384499862777,-6.573181818153584e-06,1.4352997601503993e-05,2.248450991818176,0.4883331707570142
191,-1.6587303560605804,2.0808995180875263,0.9669252283333307,0.23020985550790088,-6.573181818153584e-06,1.4352997601503993e-05,2.0547161131818203,0.48919594309905035
192,-6.331965266666693,2.068521259506036,0.8860354165151563,0.2279564485157037,-5.5593181818164306e-05,1.4352997601503993e-05,1.882825261969705,0.48440745322582945
193,-10.095926810606102,1.942627948754994,0.8983111601515192,0.23884942573689882,-7.906818181815933e-05,1.4352997601503993e-05,1.9089112156060573,0.5075550297955148
194,-7.7716963681818285,1.7136356885883681,0.7455575371212175,0.22203860429372896,-7.906818181815933e-05,1.4352997601503993e-05,1.5843097662121153,0.47183203415765196
195,-3.0615514378787267,1.8817809303635231,-0.23666468454545342,0.22592527146852193,-3.954272727299535e-05,9.002292476626998e-06,-0.5029124554545472,0.4800912018634939
196,-1.0559473757575688,2.0189580627718224,-0.5082048848484844,0.22499454811029226,-3.954272727299535e-05,9.002292476626998e-06,-1.0799353816666635,0.47811341470245755
197,-3.2971804045454434,2.1334180714389763,-0.17439361060606284,0.22915894688638486,-1.2804545454631056e-05,4.049152803951108e-06,-0.37058642333333225,0.4869627620961257
198,-3.087613833333336,1.9422717882687337,-0.2860619784848506,0.2260595186907581,-1.3877787807814457e-16,1.3877787807814457e-17,-0.6078817043939377,0.4803764772644772
199,-8.519959269696962,1.9596873559463261,0.42782691121212135,0.245926790809999,-1.3877787807814457e-16,1.3877787807814457e-17,0.9091321853030365,0.5225944304322796
200,-17.156322899999985,2.5660874603914454,1.06157691090909,0.20252951038731348,-1.3877787807814457e-16,1.3877787807814457e-17,2.2558509349999945,0.43037520946820135
201,-16.114656233333342,2.5668966020524118,0.812771355606059,0.20242099833626048,-1.3877787807814457e-16,1.3877787807814457e-17,1.7271391296969618,0.4301446213534648
202,-10.669175790909087,2.556186061252746,0.6138824669696996,0.20743423293102306,-1.3877787807814457e-16,1.3877787807814457e-17,1.3045002410606,0.44079774491080176
203,-0.8011800454545437,2.79384288126919,0.6171286003030296,0.21911973016165848,2.2614393939135446e-05,8.581559130334371e-06,1.3113982745454411,0.46562942650637296
204,7.864043628787876,3.5336574442755873,-0.049974573939390865,0.19919140162003676,2.2614393939413002e-05,8.581559130334371e-06,-0.10619597090909316,0.4232817284026363
205,14.099474853030323,3.5737127776243223,-1.1702776045454488,0.22466284574225184,2.2614393939274224e-05,8.581559130334371e-06,-2.486839910606067,0.4774085472171175
206,22.14143289848483,3.588535365015576,-0.9345276045454476,0.2226785537585258,2.2614393939274224e-05,8.581559130334373e-06,-1.985871160606063,0.4731919267348894
207,21.40222261212127,3.5613041956304636,-1.5541067298484812,0.28044147065886443,2.2614393939274224e-05,8.581559130334373e-06,-3.302476801060603,0.5959381250854766
208,15.099613186363676,3.392486269804042,-1.04313450818182,0.2752323276391608,2.2614393939274224e-05,8.581559130334373e-06,-2.2166608293939394,0.5848686961636265
209,10.315390354545464,3.4151168053592196,-1.2658563165151482,0.2720641763828517,1.0741515151652115e-05,1.5987009708555074e-05,-2.6899446710606068,0.5781363747351962
210,1.0671386090909252,3.7952727308387306,-0.7564515545454542,0.2216361356101484,4.8620303030461054e-05,1.99048609059663e-05,-1.6074595524242419,0.470976788138044
211,-9.8419522939394,3.1754259274602705,-0.6408959995454566,0.24476287681897368,4.8620303030322276e-05,1.9904860905966295e-05,-1.3619039974242408,0.5201211132016662
212,-11.322138781818154,3.752243028366821,-0.6475626659090938,0.2444275404536521,4.8620303030322276e-05,1.9904860905966295e-05,-1.3760706637878872,0.5194085234517587
213,-7.534259989393952,3.7769009057933953,-0.16126636893939228,0.25025165783134246,4.8620303030322276e-05,1.9904860905966295e-05,-0.3426910334848543,0.5317847728770209
214,-5.854435971212091,3.89711284335649,0.006657647424241908,0.20731607590221182,7.57575757574791e-05,1.928473039599463e-05,0.014147501060595147,0.440546661331973
215,-1.6433970060605674,3.242777071755506,-0.16920346318181734,0.24098622840402675,-7.575757575845055e-06,1.928473039599463e-05,-0.35955735939394273,0.5120957354045658
216,-9.297666981818189,3.360177917834418,0.5752106787878786,0.4002228438386733,-9.090909090916921e-05,1.928473039599463e-05,1.2223226916666619,0.8504735430677077
217,2.2993646803030288,4.713764131556205,1.3937655310606045,0.40819197446814043,-4.2961363636434546e-05,2.4461017529835305e-05,2.9617517530302973,0.8674079456761133
218,18.626769154545464,5.2303011249989915,1.6682099753030322,0.3765990032908872,2.2915151515062737e-05,3.1441394298303093e-05,3.5449461972727203,0.8002728819419994
219,14.78333481363638,5.16432388242654,2.4655433086363665,0.3803842256643079,7.342045454564183e-05,3.286514348159855e-05,5.23927953060606,0.8083164794841631
220,24.363491218181856,5.168674791490936,2.9447959962121217,0.393420630962773,0.00014331287878782684,3.221457422393952e-05,6.257691492424238,0.8360188407749809
221,31.765541277272717,4.968999089350781,2.8266290560606144,0.40546407178115146,0.0002148909090909923,3.151738883235566e-05,6.006586745151505,0.8616111525954665
222,27.826147337878773,4.814284793433282,1.2955179443939446,0.3794625250120657,0.0002148909090908535,3.151738883235566e-05,2.7529756334848443,0.8063578656773488
223,-1.7090783287879319,4.867840284982693,0.17653060272728283,0.4021865843578595,0.000109405909090865,3.151738883235566e-05,0.37512753181817793,0.8546464917904266
224,-16.856640906060605,5.066569941055242,-0.6424693972727269,0.38838529328273275,-3.5522424242512285e-05,3.151738883235566e-05,-1.3652474681818205,0.8253187482528918
225,-14.2869061348485,5.20106703562457,-0.336633390454546,0.4243122124512325,-1.2943939394077786e-05,5.234191974818613e-05,-0.7153459530303063,0.9016634515662921
226,-18.08544206515151,5.098506403027137,-0.6769309083333352,0.42541771664451744,-6.670727272728438e-05,5.234191974818613e-05,-1.43847817848485,0.9040126479512299
227,-12.319158534848498,5.17984668844572,-0.9282144327272723,0.40562561000046304,-0.0001241789393938153,5.234191974818614e-05,-1.972455669545452,0.8619544214435582
228,-8.910879050000027,4.5672769519363845,-1.4619486100000012,0.4090974005106722,-6.664166666670024e-05,5.3139116645068015e-05,-3.1066407959090903,0.8693319762619973
229,8.197157834848454,4.310775573258236,-0.11139305469697103,0.4121984028220815,1.241015151504099e-05,5.142215088287792e-05,-0.2367102406060706,0.8759216061700509
230,10.212309353030271,4.622893110083439,0.25044027863636575,0.4414437677311722,7.30165151514861e-05,5.0447279549712724e-05,0.5321855927272789,0.9380680066312593
231,4.742910627272714,5.335324293602343,-0.5048764336363654,0.44976718614990835,-0.00015526651515149203,5.094422915274e-05,-1.0728624224242544,0.9557552706837109
232,3.1512741651514986,5.330623376443908,0.02370220196969086,0.4435482397079292,-9.948045454566401e-05,5.0904855352212527e-05,0.05036717757574749,0.9425400094368583
233,-3.8472828378787938,5.291916744231401,1.0843371234848442,0.42411796567325705,-9.948045454552523e-05,5.0904855352212527e-05,2.304216384696973,0.9012506771540105
234,-14.948681443939442,4.960249255337137,0.5376704568181889,0.4016343914748431,-9.948045454566401e-05,5.0904855352212527e-05,1.142549718030308,0.8534730819514721
235,-3.4840349848484564,5.68378449922828,-0.8518850981818238,0.46384998208384753,-9.948045454566401e-05,5.0904855352212527e-05,-1.8102558369696897,0.9856812119970721
236,12.16658889999998,5.330005246783369,-0.0024243142424262842,0.469475782547543,6.0947727272553376e-05,1.588237198961519e-05,-0.005151670303034095,0.997636037876229
237,-3.810092950000019,5.391240340251586,0.036622398181815896,0.5473697438295465,-1.9373939394023987e-05,1.588237198961519e-05,0.07782259575757067,1.1631607055954223
238,-5.8213343893939395,5.749902242805611,-0.47918405378787554,0.5432659987076595,-7.313727272750814e-05,1.5882371989615185e-05,-1.0182661145454563,1.154440247250686
239,-6.430724996969701,5.903857524763315,0.4606968978787851,0.5691861208995251,-7.313727272736936e-05,1.588237198961519e-05,0.9789809087878698,1.2095205069142012
240,-3.4761795393939465,5.861886437765217,-0.08530310242423678,0.5711243277150406,-7.313727272736936e-05,1.588237198961519e-05,-0.1812690915151549,1.2136391963910973
241,-29.5367856,5.717397287386784,1.3230302309090902,0.552918020334556,-7.313727272736936e-05,1.588237198961519e-05,2.8114392418181744,1.1749507932274947
242,-15.056439977272724,5.140147065715609,2.464924475000001,0.6186320926202252,-2.932545454567559e-05,9.273522978335504e-06,5.2379645095454475,1.3145931968928328
243,-17.25829726212119,5.421378409708144,1.473849206212119,0.6197302069486074,-1.3877787807814457e-16,1.3877787807814457e-17,3.1319295634848476,1.3169266898381085
244,-10.656565659090873,5.657787566050248,0.7186111113636295,0.6147150649325592,-1.3877787807814457e-16,1.3877787807814457e-17,1.5270486113636395,1.3062695130329962
245,-12.474747477272743,5.8899066982177075,0.9244444446969702,0.6547851640444191,-1.3877787807814457e-16,1.3877787807814457e-17,1.964444444696971,1.3914184736445891
246,-1.1679292954545417,3.8132822392593946,0.20944444469696677,0.5863866281820186,-1.3877787807814457e-16,1.3877787807814457e-17,0.445069444696955,1.2460715849511568
247,2.845374477272742,4.101341446522838,-1.6269376689393988,0.48511306861835757,3.695454545440957e-05,1.4023264023909826e-05,-3.457242546969699,1.0308652709197814
248,-8.316241678787915,4.114585690952272,0.416951219393944,0.4752579718006853,3.695454545454835e-05,1.4023264023909824e-05,0.8860213413636409,1.009923190173853
249,-4.7556356181818416,3.8739395487512795,0.4061178860606063,0.4749160715829608,0.00011271212121188867,3.0699676149798605e-05,0.8630005080302983,1.0091966522076812
250,1.7973946848484346,3.8374473063148247,0.23820121939394312,0.5235517442643096,0.00011271212121188867,3.0699676149798605e-05,0.5061775913636346,1.1125474566337752
251,10.054970442424214,3.876900584404309,-1.3976321139393955,0.5340761483731775,0.00011271212121202745,3.0699676149798605e-05,-2.969968241969694,1.134911815358028
252,13.937546200000028,3.899842703422424,-2.502632113939396,0.5376892857816687,0.00011271212121202745,3.06996761497986e-05,-5.318093241969706,1.1425897323396452
253,16.047671836363655,3.2618243865467305,-3.4459247969697038,0.5100356300997871,3.1412121211937816e-05,3.06996761497986e-05,-7.322590193333349,1.0838257139675869
254,7.64363143484843,3.0992514942157925,-3.0313692416666638,0.5012744025269983,3.1412121211937816e-05,3.06996761497986e-05,-6.4416596380303215,1.06520810537375
255,-2.189701898484877,3.0992514942157925,-3.230702574999995,0.4998102934852373,-0.0001352545454547105,3.06996761497986e-05,-6.865242971363639,1.0620968736607583
256,-8.970004928787887,2.623320953214146,-1.7302859083333266,0.3969873840940026,-0.0001352545454547105,3.06996761497986e-05,-3.676857554696973,0.843598191210049
257,-11.386671595454558,3.10851998979924,-1.013119241666669,0.2706112957210012,-0.0001352545454547105,3.06996761497986e-05,-2.152878388030315,0.575049003427141
258,-1.8391053333333574,4.145200170887104,-0.5270158734848485,0.2633451672531711,-6.926439393956096e-05,2.9097842981883824e-05,-1.119908730303032,0.5596084804355834
259,0.9227994318181487,4.919282970573855,0.7169603166666727,0.36465829291830776,3.896060606051188e-05,4.721985769123111e-05,1.5235406742424118,0.7748988725823399
260,7.675324678787838,4.920484433664363,0.4540714283333358,0.3451607432453673,0.0001298696969696811,4.106848847357332e-05,0.9649017859090847,0.7334665795628996
261,21.185425686363644,5.088251103280887,-0.2753730163636381,0.3408589293613129,0.0001298696969696811,4.106848847357332e-05,-0.5851676587878796,0.7243252250343208
262,16.67027417121215,5.019861790421299,0.24607142833333207,0.3425156965903654,0.00012986969696940354,4.106848847357332e-05,0.5229017859090934,0.7278458554197618
263,23.79148629242426,5.3421276310105235,0.24607142833333429,0.34251569659036535,0.00012986969696940354,4.106848847357332e-05,0.5229017859090934,0.7278458554197618
264,16.103174596969687,5.710960432858516,0.15692857166666796,0.33822673788862884,8.225136363615437e-05,4.106848847357332e-05,0.33347321424241905,0.7187318181745522
265,-1.0077846257576084,5.524723965238306,-0.9883909765151544,0.3227647423842639,-0.00015584363636383936,4.106848847357332e-05,-2.1003308268181886,0.6858750776923558
266,-1.5128351333333612,5.231666909454082,-0.4250576431818187,0.3206867182422154,-0.0001305913636366618,4.103652676972314e-05,-0.9032474934848445,0.6814592763921472
267,-8.583542198484864,5.225888272495002,-0.3456131981818178,0.3058347715668741,-0.00013059136363652302,4.103652676972314e-05,-0.734428048484852,0.6498988897068596
268,-7.068390683333341,4.5327218791025565,-0.6417243098484837,0.33202598749180395,-0.0001305913636366618,4.103652676972314e-05,-1.3636641601515143,0.7055552235426366
269,6.464076853030285,4.775017684426086,-0.42567669106060135,0.33178663468254327,-0.0001046177272728821,4.122789000419801e-05,-0.9045629695454549,0.7050465988326613
270,-0.321637428787902,4.46685358950701,0.8712280704545439,0.24144699295164926,2.5252272727038783e-05,9.58256374967105e-06,1.8513596492424211,0.5130748599781376
271,-1.4221158924242516,4.456270708612614,0.5821929821212102,0.23820861684882463,2.5252272727038783e-05,9.58256374967105e-06,1.2371600875757638,0.5061933107633289
272,-2.866948831818199,4.496906876348864,0.11452631515151301,0.23003593434898187,-3.0302727272862873e-05,9.58256374967105e-06,0.24336842060605157,0.4888263604856455
273,-9.18513064999999,4.7916369061458335,0.32840726772727535,0.25745126109608607,-3.0302727272862873e-05,9.58256374967105e-06,0.6978654443939281,0.5470839298021632
274,-29.18513064999999,4.791636906145834,0.8050739343939428,0.25745126109608607,-3.0302727272862873e-05,9.58256374967105e-06,1.7107821110606025,0.5470839298021634
275,-18.12452458939397,4.726519591580576,1.130073934393938,0.2750388543228717,-3.0302727272862873e-05,9.58256374967105e-06,2.401407111060605,0.5844575654204786
276,-10.972027966666644,4.722939168511842,0.3528809522727272,0.27512723659695093,-3.0302727272862873e-05,9.58256374967105e-06,0.7498720234848388,0.58464537775412
277,-4.403846151515154,4.599744187237454,0.4551309522727265,0.27491170510347845,-1.3877787807814457e-16,1.3877787807814457e-17,0.9671532734848398,0.5841873733300229
278,-16.086829840909065,4.718974567472737,0.4182142856060578,0.2808267486288268,-1.3877787807814457e-16,1.3877787807814457e-17,0.888705356818198,0.5967568408212015
279,-6.768648022727266,4.312786329948812,-0.737857142727274,0.23190510350607965,-1.3877787807814457e-16,1.3877787807814457e-17,-1.5679464281818145,0.49279834493409896
280,-5.253496507575726,4.2083226718340745,-0.770357142727276,0.26938921370369073,-1.3877787807814457e-16,1.3877787807814457e-17,-1.63700892818182,0.5724520791049226
281,10.42832167424244,5.405696065960924,-0.9653571427272745,0.22339978232813124,-1.3877787807814457e-16,1.3877787807814457e-17,-2.0513839281818225,0.47472453742603904
282,8.085971040909072,5.368097242918009,-0.8339536336363618,0.2355603313967158,-1.3877787807814457e-16,1.3877787807814457e-17,-1.772151472121215,0.5005657041076471
283,1.07489878333336,5.050753315307708,-0.9544536336363674,0.23638705196534548,-1.3877787807814457e-16,1.3877787807814457e-17,-2.0282139721212067,0.5023224853153977
284,2.8089055181818168,4.964329121391881,-0.16525389848485172,0.2110029041163991,-1.3877787807814457e-16,1.3877787807814457e-17,-0.35116453484848265,0.4483811711590899
285,6.7482994575757616,4.83126826011576,0.008079434848482503,0.22471472529852304,-1.3877787807814457e-16,1.3877787807814457e-17,0.01716879848484787,0.4775187911914774
286,5.4673077227272415,4.565834921641298,1.1120945863636367,0.19993702334867305,-1.3877787807814457e-16,1.3877787807814457e-17,2.3632009954545374,0.42486617453117015
287,-12.60573034848484,4.549088155576374,1.408761253030304,0.2095967668940457,-1.3877787807814457e-16,1.3877787807814457e-17,2.9936176621212063,0.4453931295748488
288,-7.207803707575753,4.111319637846722,1.6025068663636377,0.30427358959334405,-1.3877787807814457e-16,1.3877787807814457e-17,3.4053270921212064,0.6465813778506526
289,-3.3441673439394037,4.068639752174412,1.4923679777272802,0.3033414942939638,-1.3877787807814457e-16,1.3877787807814457e-17,3.1712819534848435,0.6446006753683728
290,-6.946860948484854,3.80044378673259,1.3936642743939398,0.3077267892624358,-1.3877787807814457e-16,1.3877787807814457e-17,2.961536583484845,0.6539194271894274
291,-10.12867913030302,3.946721491041633,0.07633094106061389,0.3199393031783093,-1.3877787807814457e-16,1.3877787807814457e-17,0.1622032501515136,0.6798710192583232
292,-2.552921556060621,1.7591869553526553,-0.18366905893938856,0.3199393031783093,-1.3877787807814457e-16,1.3877787807814457e-17,-0.3902967498484866,0.6798710192583232
293,-2.1395776015151213,1.7797336069111793,-0.603318181363639,0.34543492552235966,-1.3877787807814457e-16,1.3877787807814457e-17,-1.2820511359090858,0.7340492167657469
294,-5.7759412378787545,1.9701398962364651,-2.1741515146969737,0.35170822408929714,-1.3877787807814457e-16,1.3877787807814457e-17,-4.620071969242416,0.7473799762196258
295,-4.335061853030293,2.588142943699703,-1.924347594242426,0.3601763291198139,-1.3877787807814457e-16,1.3877787807814457e-17,-4.089238636666663,0.7653746993277065
296,-4.259304277272715,2.9362610258876054,-2.3024309275757604,0.3476215739709398,-1.3877787807814457e-16,1.3877787807814457e-17,-4.892665720000009,0.7386958446409556
297,3.9841694212121226,3.0636099453260415,-1.424977825303031,0.34603427827937994,3.6074999999885504e-05,1.3689499990868555e-05,-3.0280778775757566,0.7353228412977184
298,7.216492659090896,3.083899606164618,-0.9844222699999983,0.34319753028574457,3.607500000002428e-05,1.3689499990868553e-05,-2.091897322272729,0.7292947518319812
299,13.251846199999981,3.3920517651339823,0.21807772999999697,0.22360477298849085,3.607500000002428e-05,1.3689499990868553e-05,0.46341517772727325,0.4751601426004741
300,22.746795692424264,3.3770086049633408,0.22529995227272614,0.22701166532361391,3.6074999999746726e-05,1.3689499990868553e-05,0.47876239999999903,0.4823997887912164
301,16.09201256060608,3.3569320136767473,1.212620214242428,0.21793298486967663,3.6074999999746726e-05,1.3689499990868553e-05,2.5768179553030413,0.4631075928986164
302,2.8344368030303357,3.4661682130476645,1.098870214242429,0.20537146826184227,3.6074999999746726e-05,1.3689499990868553e-05,2.3350992053030284,0.43641437004532196
303,-5.967871998484853,3.3245433712900057,1.0534733892424208,0.20537146826184227,-4.329000000025118e-05,1.3689499990868553e-05,2.238630951969691,0.43641437004532196
304,-3.366861906060592,3.266103881478361,0.504584500909091,0.18689845484946044,-4.329000000025118e-05,1.3689499990868553e-05,1.0722420636363683,0.39715921650023167
305,-12.106531330303056,3.034181121289696,0.9566299554545465,0.23812694691126643,-4.329000000025118e-05,1.3689499990868553e-05,2.0328386545454524,0.5060197620844952
306,4.824544137878846,5.748688009671457,0.8353391059090898,0.26152556061786475,-4.329000000025118e-05,1.3689499990868553e-05,1.7750955995454465,0.555741816329323
307,8.359897678787895,5.802695360214033,0.16728355090908753,0.2601141156580691,-4.329000000025118e-05,1.3689499990868553e-05,0.3554775445454528,0.5527424957884263
308,23.987603306060556,5.993118804157305,-0.3929545445454563,0.2687274546681223,-1.3877787807814457e-16,1.3877787807814457e-17,-0.8350284081818238,0.5710458411931484
309,35.048209369696934,6.525626847675811,-0.06795454484848307,0.2650432029807859,-1.3877787807814457e-16,1.3877787807814457e-17,-0.14440340848485,0.5632168063399464
310,39.248546066666634,6.520020590884784,-0.5277693599999989,0.27440961915505174,-1.3877787807814457e-16,1.3877787807814457e-17,-1.1215098903030318,0.5831204406688617
311,38.17110499393934,6.538057896561883,-1.906010101212119,0.27945808433332886,-1.3877787807814457e-16,1.3877787807814457e-17,-4.050271464848496,0.5938484291808891
312,6.58019589999995,6.583467881431142,-0.8226767681818137,0.2639640810192938,-1.3877787807814457e-16,1.3877787807814457e-17,-1.7481881318181847,0.5609236720994678
313,4.458983778787875,6.02677062757541,-0.34601010151514844,0.2639640810192938,-1.3877787807814457e-16,1.3877787807814457e-17,-0.7352714651515146,0.5609236720994678
314,-9.404652584848492,5.888846504896536,-0.35142676818181506,0.2836242587574694,-1.3877787807814457e-16,1.3877787807814457e-17,-0.7467818818181815,0.6027015498047342
315,-33.49556167575756,6.490180920249527,-0.5680934348484867,0.28321408355212385,-1.3877787807814457e-16,1.3877787807814457e-17,-1.2071985484848513,0.6018299274995549
316,-27.996632990909127,6.670352975495147,0.46162037060605954,0.21437694379766697,-1.3877787807814457e-16,1.3877787807814457e-17,0.9809432872727264,0.4555510055183981
317,-18.556397306060575,5.348688343265758,0.6463888892424241,0.19755625535193658,-1.3877787807814457e-16,1.3877787807814457e-17,1.3735763892424213,0.41980704257635804
318,-13.51094276060607,5.131084312548169,0.647111111212122,0.23213240142181654,-1.3877787807814457e-16,1.3877787807814457e-17,1.3751111112121173,0.49328135302200016
319,-9.778160389393946,5.293190102520875,0.38514141424242254,0.2554467711774154,-1.3877787807814457e-16,1.3877787807814457e-17,0.8184255051515077,0.5428243887235686
320,8.704392413636342,4.614034299095398,1.2779065657575739,0.26284986447687636,4.591363636355372e-05,1.7422999988375983e-05,2.7155514521212076,0.5585559619783669
321,25.196587086363635,4.723812986135447,1.4121742421212136,0.24523529569881936,8.034924242408814e-05,2.070707771162521e-05,3.000870264848494,0.5211250033672852
322,17.782445674242418,4.52709030058909,1.010618686363638,0.2159259386090652,8.034924242422692e-05,2.070707771162521e-05,2.1475647090909167,0.4588426195800978
323,29.071166216666704,9.82649583174109,0.9069797980303052,0.22527366802807638,8.034924242408814e-05,2.0707077711625214e-05,1.9273320707575792,0.47870654460109197
324,26.444903587878805,9.693423149980818,0.5198686877272718,0.22099710507107606,8.034924242408814e-05,2.0707077711625214e-05,1.1047209604545571,0.46961884833487
325,27.35399449242422,9.72766477448464,-0.4903396456060616,0.17573939415057135,8.034924242408814e-05,2.0707077711625214e-05,-1.0419717478787938,0.37344621263732897
326,12.556014689393962,9.101126704619748,-0.9453396456060648,0.1508865551904683,-2.0660757575896582e-05,2.0707077711625214e-05,-2.008846747878783,0.3206339298505691
327,18.55601468333333,9.142013689410962,-0.8001729789393974,0.15149591991100816,-9.641909090918332e-05,2.0707077711625214e-05,-1.7003675812121166,0.3219288298802613
328,25.105202209090898,9.208969786776596,-0.38709326939394106,0.21054979473878097,-9.641909090918332e-05,2.0707077711625214e-05,-0.8225731974242301,0.4474183140544422
329,-24.383434154545434,9.249796303054895,0.35390673030302633,0.20573412955337791,-9.641909090918332e-05,2.0707077711625214e-05,0.7520518022727263,0.4371850255139283
330,-33.991637389393894,8.994777853834105,1.0130986489393923,0.20326632242311238,-9.641909090918332e-05,2.0707077711625214e-05,2.1528346300000045,0.4319409353652285
331,-24.15692663939396,9.1399304988758,1.244784255,0.20686275162738865,-4.13227272728911e-05,1.306739373117755e-05,2.645166542878785,0.43958334742523264
332,-21.918877693939365,9.220467031234914,1.1232191928787838,0.20465059817665082,-1.3877787807814457e-16,1.3877787807814457e-17,2.3868407853030327,0.4348825213443484
333,-38.59351884545454,9.335720153245855,1.413552526212123,0.24783660975193658,-1.3877787807814457e-16,1.3877787807814457e-17,3.0037991186363655,0.5266527959084442
334,-10.653246560606036,3.0683012631343516,0.6614993865151542,0.24369321730391258,-1.3877787807814457e-16,1.3877787807814457e-17,1.405686195606064,0.5178480870085258
335,-6.899458684848483,2.9734728671740056,0.210832720151517,0.24125223701240117,-1.3877787807814457e-16,1.3877787807814457e-17,0.4480195292424316,0.5126610038509288
336,-10.923027712121183,2.6965038846781706,-0.02208394651514567,0.2323794864184964,-1.3877787807814457e-16,1.3877787807814457e-17,-0.046928387424252094,0.49380640883728355
337,-11.165451962121224,2.993908603100774,-0.24741727984848527,0.32857163130492373,-1.3877787807814457e-16,1.3877787807814457e-17,-0.5257617207575738,0.6982147166712543
338,-5.715999460606049,1.8550336829234133,-0.32800271439394013,0.33498853355627006,-1.3877787807814457e-16,1.3877787807814457e-17,-0.6970057684848552,0.7118506340003536
339,-3.4151881363636605,2.0654708066599174,-1.0326403959090902,0.3387825926478168,-1.3877787807814457e-16,1.3877787807814457e-17,-2.1943608409090753,0.7199130094502583
340,-7.993470959090878,2.208810695270286,-1.7981959509090917,0.34284646600397234,-1.3877787807814457e-16,1.3877787807814457e-17,-3.821166395909077,0.7285487403222967
341,-8.245996212121192,2.8249330789757074,-1.7259737289393962,0.35738112995591104,-1.3877787807814457e-16,1.3877787807814457e-17,-3.6676941739393953,0.7594349011618938
342,-8.659219348484832,2.8283512003230267,-2.6382717084848495,0.3598215811161323,-1.3877787807814457e-16,1.3877787807814457e-17,-5.606327380757583,0.7646208598898889
343,-5.179463804545463,2.8741043242899464,-1.8249523807575763,0.36532340891913867,-1.3877787807814457e-16,1.3877787807814457e-17,-3.878023809545459,0.7763122439503315
344,4.293650793939392,4.051421182753568,-1.3653095240909119,0.30963524278463567,-1.3877787807814457e-16,1.3877787807814457e-17,-2.9012827378787875,0.65797489091925
345,11.41486291212118,4.034363506096682,-0.4437539690909076,0.24118441627746232,-1.3877787807814457e-16,1.3877787807814457e-17,-0.9429771828787858,0.5125168845084997
346,20.808802306060592,3.9315944381512153,-0.22875396909090462,0.2488373321955352,-1.3877787807814457e-16,1.3877787807814457e-17,-0.4861021828787937,0.5287793308358487
347,11.91991342272729,3.931594438151216,0.40319047590909207,0.19110821860832067,-1.3877787807814457e-16,1.3877787807814457e-17,0.8567797621212092,0.4061049644497755
348,7.677489180303034,3.8755097362183286,-0.16375396909090956,0.17323564678209075,-1.3877787807814457e-16,1.3877787807814457e-17,-0.3479771828787914,0.3681257493077465
349,9.625541127272754,3.7928184978299453,-0.10184920621211901,0.17029319709072274,-1.3877787807814457e-16,1.3877787807814457e-17,-0.21642956348485676,0.36187304380260843
350,-10.995670993939406,3.6735867984139157,-0.3271825395454542,0.17084746085312932,-1.3877787807814457e-16,1.3877787807814457e-17,-0.6952628968181784,0.3630508542984634
351,-14.995670993939392,3.4874173527683916,-0.3647380945454537,0.16897638500431117,-1.3877787807814457e-16,1.3877787807814457e-17,-0.7750684518181838,0.35907481812096376
352,-10.147186148484835,3.1397285059763815,-1.203904761515151,0.177365436446892,-1.3877787807814457e-16,1.3877787807814457e-17,-2.558297618787879,0.3769015524637381
353,-10.147186148484835,3.1397285059763815,-0.4022380945454529,0.19360001215735295,-1.3877787807814457e-16,1.3877787807814457e-17,-0.8547559518181869,0.4114000258617719
354,-13.69696969696971,3.5302002846278815,0.17966666696970002,0.2278836350087961,-1.3877787807814457e-16,1.3877787807814457e-17,0.3817916669696997,0.4842527244092152
355,-0.46464646212118765,2.709545078258486,0.49022222227272705,0.22801790864331842,-1.3877787807814457e-16,1.3877787807814457e-17,1.0417222222727274,0.48453805587838467
356,9.202020204545462,3.8785265067954326,0.8520555553030307,0.22739391470836845,3.0303030302963885e-05,1.149919149152091e-05,1.8106180553030393,0.4832120687504537
357,15.232323234848515,4.017961509976212,0.9352777772727294,0.2074733750061,3.0303030303102663e-05,1.149919149152091e-05,1.9874652772727286,0.4408809218795892
358,15.232323234848515,4.017961509976212,1.0327777772727265,0.1860099674916373,3.0303030303102663e-05,1.149919149152091e-05,2.1946527772727276,0.3952711809008596
359,14.929292931818203,3.940311315482959,0.6066666659090902,0.18562191321805105,3.0303030302825107e-05,1.1499191491520912e-05,1.289166665909085,0.39444656558816765
360,23.11111111363637,4.056131411010479,-0.1516666674242395,0.17349164438376918,3.0303030302825107e-05,1.1499191491520912e-05,-0.32229166742424376,0.36866974430151106
361,14.96969696666671,4.1135365246043,-0.340888889090909,0.18063108998675284,3.0303030302825107e-05,1.1499191491520912e-05,-0.7243888890909034,0.38384106621208497
362,-3.3151515181818425,4.128275587129169,-0.537911111060605,0.18735781925076306,-3.636363636386197e-05,1.1499191491520912e-05,-1.1430611110605993,0.398135365938023
363,-12.254545457575752,4.308977537957877,-0.8159666660606057,0.18735781925076306,-3.636363636386197e-05,1.1499191491520912e-05,-1.733929166060606,0.398135365938023
364,-14.527272730303018,4.465775989834897,-0.5017999993939415,0.17402032189384659,-3.636363636386197e-05,1.1499191491520912e-05,-1.066324999393946,0.3697931840645265
365,-26.156060609090943,4.1886177705330825,-0.4954805543939411,0.12481536501638868,-3.636363636386197e-05,1.1499191491520912e-05,-1.0528961793939384,0.2652326507361541
366,-10.255627704545454,4.488035799958055,-0.7703376978787868,0.13032748558114435,-3.636363636386197e-05,1.1499191491520912e-05,-1.6369676084848495,0.2769459068840766
367,-14.879870128787864,4.197575077887845,-0.5155376978787873,0.12759073958445036,-1.3877787807814457e-16,1.3877787807814457e-17,-1.095517608484844,0.27113032165977435
368,-12.455627704545442,4.300247397529553,-0.29164880984848596,0.13657368498773223,-1.3877787807814457e-16,1.3877787807814457e-17,-0.6197537204545434,0.29021908063626783
369,-12.001082249999975,4.5170844711272045,-0.15081547651514926,0.15742376840132424,-1.3877787807814457e-16,1.3877787807814457e-17,-0.320482887121214,0.33452550789458985
370,-7.910173159090874,4.405866024428784,-0.2266488101515196,0.13905574256520187,-1.3877787807814457e-16,1.3877787807814457e-17,-0.4816287207575698,0.29549345293751406
371,-8.387445886363647,4.552518166802537,-0.18855158818182005,0.12554547654166504,-1.3877787807814457e-16,1.3877787807814457e-17,-0.40067212378787076,0.2667841376516476
372,-13.614718618181794,4.6496694186605305,0.032757936666667486,0.1490948673084544,-1.3877787807814457e-16,1.3877787807814457e-17,0.06961061500000199,0.3168265929206961
373,-7.912239277272768,4.656643173027085,0.3715458157575746,0.1732233497843338,-1.3877787807814457e-16,1.3877787807814457e-17,0.789534857727272,0.3680996181850713
374,-2.059966550000034,4.654998268655855,-0.1024125175757562,0.16386750274794135,-1.3877787807814457e-16,1.3877787807814457e-17,-0.2176266006060601,0.3482184432236064
375,7.012003146969654,4.835679236989207,0.5814416490909102,0.17285407332176497,-1.3877787807814457e-16,1.3877787807814457e-17,1.2355635039393986,0.3673149057484726
376,10.00875639696968,4.83736263710182,1.0680130778787866,0.17655978300575761,2.7056060605962218e-05,1.0267053123206626e-05,2.269527789545447,0.37518953877904754
377,28.42866981818183,3.8263388603964312,1.1804733957575797,0.17961741030642606,2.7056060606100996e-05,1.0267053123206626e-05,2.50850596469697,0.38168699681035345
378,15.084513978787868,3.777545282218065,0.727021014090905,0.17168623636978997,2.7056060606100996e-05,1.0267053123206624e-05,1.544919654696968,0.3648332521968301
379,10.539059428787887,3.777545282218065,0.2286876807575755,0.19188776599333865,2.7056060605962218e-05,1.0267053123206624e-05,0.48596132136363046,0.40776150264007094
380,4.573150337878822,3.6580237014899875,-0.07193731924242552,0.17857187482026218,2.7056060605962218e-05,1.0267053123206624e-05,-0.15286680363636673,0.3794652338947743
381,-5.9795885863636045,3.709999127572381,-0.27608315257575455,0.19483421137914272,2.7056060605962218e-05,1.0267053123206624e-05,-0.5866767003030393,0.4140226991146054
382,-14.545605910606056,3.455917622689184,0.08064303712121301,0.27796176537084033,-3.246727272740446e-05,1.0267053123206624e-05,0.1713664543939286,0.5906687514124459
383,-13.607654972727286,2.7669279265563738,0.60133086772727,0.34803355263027275,5.170772727255968e-05,3.255954553538866e-05,1.2778280943939357,0.7395712993347605
384,-20.67377067272732,2.7399633479173557,1.3905227866666658,0.38079334154234507,5.1707727272698456e-05,3.255954553538866e-05,2.9548609224242472,0.8091858508252893
385,-14.857654968181855,2.778490866915782,2.0548030896969705,0.36812369147983287,5.1707727272698456e-05,3.255954553538866e-05,4.366456566363643,0.7822628444471743
386,-5.12470042272728,2.4905622628842288,2.8059593396969706,0.3676542825393255,5.17077272724209e-05,3.255954553538865e-05,5.9626635978787945,0.781265350460021
387,1.269008603030315,2.3545724965943506,2.5737267890909132,0.3651765372853747,9.455303030286855e-05,3.179076091706363e-05,5.469169427727278,0.7760001417883031
388,9.169966872727251,2.621947351124565,1.806453326515154,0.36421634727033025,0.00016810378787882052,3.986681844788858e-05,3.8387133196969625,0.7739597379989925
389,16.63283080151512,2.399295342583906,0.6431090993939392,0.34535105261672283,-1.7081212121128342e-05,3.9866818447888585e-05,1.366606838030302,0.7338709868485779
390,13.981315649999999,2.3131959034286393,-0.5747381222727244,0.26975167971446246,-1.7081212121128342e-05,3.9866818447888585e-05,-1.2213185086363687,0.5732223193988775
391,12.799497463636378,2.138960003227651,-0.9618492336363671,0.18544575952158876,-1.7081212121405898e-05,3.9866818447888585e-05,-2.043929620000009,0.3940722389152538
392,8.00273173181818,1.9551677161523984,-1.0881513169696877,0.20672802483410818,-1.7081212121405898e-05,3.9866818447888585e-05,-2.3123215466666647,0.43929705273445757
393,7.6650100939394505,1.882729043617162,-0.5731722450000021,0.2052007825873023,-3.991287878812866e-05,3.9866818447888585e-05,-1.21799101969696,0.43605166300825104
394,2.4091090333333653,2.096413381262928,-0.5140595154545435,0.19307343845486405,-0.00010071454545471092,2.779432905979624e-05,-1.0923764701515193,0.4102810568488788
395,4.621203236363662,2.5075350863654804,-0.3402241022727326,0.17322098054956492,-0.00010071454545471092,2.779432905979624e-05,-0.7229762181818256,0.3680945837852761
396,-3.8843064030303154,2.600768545451075,-0.11647199772727213,0.2028098663089141,-0.00010071454545471092,2.779432905979624e-05,-0.24750299621212335,0.4309709659156873
397,0.954850089393986,2.599734953203119,-0.15281890878787951,0.20421512466600433,-0.00010071454545471092,2.779432905979624e-05,-0.3247401821212126,0.4339571398865938
398,2.059202360606065,2.5733525847534064,0.35830361772728025,0.20613176241433487,-8.826090909089257e-05,2.791055010843217e-05,0.7613951871212077,0.4380299950537591
399,1.7135124545454516,2.942288353875334,-0.4342300927272724,0.22509472375524361,-1.3877787807814457e-16,1.3877787807814457e-17,-0.9227389478787806,0.47832628793938187
400,-7.136412125757552,3.1457345286579925,-0.10496538727272853,0.23008348900410813,-1.3877787807814457e-16,1.3877787807814457e-17,-0.22305144787878817,0.48892741409872276
401,-13.72010621363632,3.0342206965733767,-0.02784237106060683,0.2444472429770384,-1.3877787807814457e-16,1.3877787807814457e-17,-0.059165038484856325,0.5194503912387278
402,-9.704954698484798,3.0158513076374787,-0.4653886680303021,0.2576349081988136,-1.3877787807814457e-16,1.3877787807814457e-17,-0.9889509187878787,0.5474741798163789
403,-14.846728354545462,3.047209774291004,-0.851561374848484,0.2754133525866728,-1.3877787807814457e-16,1.3877787807814457e-17,-1.8095679233333328,0.585253374231946
404,-12.873243506060632,3.096166412494158,-0.8725058201515168,0.23745927855722912,-1.3877787807814457e-16,1.3877787807814457e-17,-1.8540748686363706,0.5046009668755476
405,0.06673318181817933,2.827861267334822,-0.8425058201515179,0.23974907634443696,-1.3877787807814457e-16,1.3877787807814457e-17,-1.7903248686363593,0.5094667871752032
406,13.183813072727268,2.389017918260885,-0.979695214393943,0.24820652917830704,-1.3877787807814457e-16,1.3877787807814457e-17,-2.0818523310605963,0.5274388744641721
407,9.460869354545451,2.269951077905782,-0.4751714039393984,0.21191155234895817,-1.3877787807814457e-16,1.3877787807814457e-17,-1.0097392356060597,0.45031204882462533
408,9.714826842424245,2.2394313826429317,-1.2473293645454553,0.21759621993948308,-1.3877787807814457e-16,1.3877787807814457e-17,-2.6505749007575696,0.4623919673666523
409,8.896645024242424,2.5966056812207454,-0.7409484125757593,0.18446277550796594,-1.3877787807814457e-16,1.3877787807814457e-17,-1.5745153771212106,0.39198339801271426
410,2.2337662363636213,2.2767444552093155,-1.094115079242426,0.19685342946631051,-1.3877787807814457e-16,1.3877787807814457e-17,-2.324994543787877,0.41831353766827645
411,-0.24350649090909116,2.2356006040522445,-1.009615079242423,0.19312907188790623,-1.3877787807814457e-16,1.3877787807814457e-17,-2.1454320437878804,0.4103992778133414
412,-2.1969696969696884,2.3345080179666153,-1.203067460454541,0.21271986819250405,-1.3877787807814457e-16,1.3877787807814457e-17,-2.5565183531818203,0.4520297199433646
413,-3.3181818181818556,2.825454326079318,-0.16667857212121273,0.17079108149011643,-1.3877787807814457e-16,1.3877787807814457e-17,-0.3541919648484848,0.3629310482005604
414,-6.045454545454554,2.7577333038578282,0.25891666636363553,0.20719247758687057,-1.3877787807814457e-16,1.3877787807814457e-17,0.5501979163636328,0.4402840148970548
415,0.06818181818182723,3.104269254318283,0.42791666636363246,0.20348333945627284,-1.3877787807814457e-16,1.3877787807814457e-17,0.9093229163636352,0.43240209636715826
416,-3.5227272727272663,3.2258447545046693,0.7745833330302987,0.20331993533104967,-1.3877787807814457e-16,1.3877787807814457e-17,1.6459895830302962,0.43205486260085924
417,-6.836776856060567,3.0945970067762305,0.9563863633333347,0.21306773412444968,-1.3877787807814457e-16,1.3877787807814457e-17,2.0323210224242416,0.4527689350390723
418,-9.298898068181778,3.3988399348812304,1.0701363636363648,0.23180999869692367,-1.3877787807814457e-16,1.3877787807814457e-17,2.2740397727272654,0.492596247230963
419,2.2162534469697093,3.5225646215308535,0.24198821515151625,0.23146991675345988,-1.3877787807814457e-16,1.3877787807814457e-17,0.5142249575757596,0.49187357308039203
420,1.685950416666664,3.8155158217469496,-0.3375951181818171,0.23421553817533697,-1.3877787807814457e-16,1.3877787807814457e-17,-0.7173896257575807,0.49770801859897
421,18.693526174242443,4.673776474117003,-0.39537289621211835,0.22546505430808136,6.313106060584772e-05,2.395655311407119e-05,-0.8401674037878859,0.47911324037811187
422,30.46660581060607,4.651417866088358,-0.40927987272727284,0.2249079061299282,6.313106060612528e-05,2.3956553114071193e-05,-0.869719729545464,0.47792930050182697
423,32.38219021969698,4.649202672198173,-0.9772560628787863,0.1985493041342553,6.31310606059865e-05,2.3956553114071193e-05,-2.076669134090907,0.4219172712564258
424,21.548856886363623,4.204774875164067,0.06274393712121018,0.17721576591698177,6.31310606059865e-05,2.3956553114071193e-05,0.1333308659090937,0.3765835025354091
425,17.658482553030304,4.224903312447625,0.7466600599999973,0.15256504540486746,6.31310606059865e-05,2.3956553114071193e-05,1.5866526259090818,0.3242007213980009
426,2.6016643712121024,3.623964957958947,0.5299933933333323,0.1503519877068117,6.31310606059865e-05,2.3956553114071193e-05,1.1262359592424254,0.3194979737942421
427,-20.58772956818185,3.5768115052216953,0.6397711716666676,0.15952401516320122,-7.575727272723931e-05,2.3956553114071193e-05,1.3595137375757593,0.33898853215568014
428,-27.889606692424245,4.023634410155965,0.7541968230303042,0.1552985924323695,-7.575727272723931e-05,2.3956553114071193e-05,1.6026682481818133,0.3300095088370273
429,-26.02813483333332,4.099764270689137,0.2899111080302985,0.10641185426711684,-7.575727272723931e-05,2.3956553114071193e-05,0.6160611048484776,0.22612519022051716
430,-24.13419543939394,4.102960602797911,-0.06253333681818685,0.09016494675937535,-7.575727272723931e-05,2.3956553114071193e-05,-0.13288334000001178,0.19160051186407545
431,-21.545068875757565,3.988793321368147,-0.2775006571212124,0.09187388306892906,-7.575727272723931e-05,2.3956553114071193e-05,-0.5896888953030377,0.1952320015311348
432,-16.223099178787876,2.4666831358523886,-0.2702784354545429,0.0915649145230737,-1.3877787807814457e-16,1.3877787807814457e-17,-0.574341673636356,0.1945754433905851
433,-8.546918766666671,2.208969673666638,-0.35543347393939717,0.12485386269965089,-1.3877787807814457e-16,1.3877787807814457e-17,-0.7552961312121242,0.2653144582495154
434,-2.1176009590909217,2.166186644067631,-0.2103842127272726,0.12871528551328723,-1.3877787807814457e-16,1.3877787807814457e-17,-0.44706645151515456,0.27351998169307806
435,4.367247525757563,2.7446415796653474,0.19694912060605807,0.131012253219404,3.0303030302963885e-05,1.149919149152091e-05,0.4185168818181806,0.278401038069244
436,6.057164598484839,2.835511913892792,0.533319964393939,0.14709989600959897,3.0303030303102663e-05,1.149919149152091e-05,1.1333049250000027,0.312587279110772
437,18.46036325,2.7968953251355724,1.0599403345454528,0.20483093304073163,5.1346969696941525e-05,1.3328008425680133e-05,2.2523732118181883,0.43526573265568463
438,15.202787492424221,2.6635717075950396,1.31813477954545,0.20483093304073163,5.134696969680275e-05,1.3328008425680133e-05,2.8010364068181826,0.43526573265568463
439,13.323999613636346,2.3701690218070555,0.728801446212124,0.1941414456941273,8.164999999990541e-05,1.6280519424368172e-05,1.5487030734848428,0.4125505720384262
440,15.331669024242416,2.3937637455419627,0.814269891666668,0.1802174700463722,8.164999999990541e-05,1.6280519424368172e-05,1.7303235198484934,0.3829621237734529
441,7.144223137878782,2.3954090980209153,0.5106889393939351,0.18641916590787858,1.498333333321833e-05,1.6280519424368172e-05,1.0852139963636365,0.3961407274712865
442,-1.3472129651515274,1.7352225554085938,0.07138942333333453,0.17589428581920924,1.498333333321833e-05,1.6280519424368172e-05,0.15170252363636116,0.373775357225183
443,-1.653903051515151,1.9214530772422875,-0.6849290157575805,0.17150037304164803,-9.354242424125525e-06,1.6818296948990076e-05,-1.4554741578787844,0.36443829259611693
444,-3.7113193166666747,1.800211465697347,-0.8172097172727244,0.18932801683556844,-9.354242424125525e-06,1.6818296948990076e-05,-1.7365706487878896,0.4023220357393275
445,0.5311347803030131,2.240499677701828,-1.0339863187878784,0.19111709405817087,-7.602090909095138e-05,1.6818296948990076e-05,-2.197220926212129,0.40612382478729003
446,11.449444149999977,4.083409157338753,-1.0038743687878715,0.19127074905753053,-3.9657272727505744e-05,1.4649228841575143e-05,-2.133233032878792,0.4064503416671656
447,16.046549945454558,4.074301720258414,-0.5893971437878753,0.18391118665385595,-1.0519393939395494e-05,1.6593429220303568e-05,-1.2524689293939417,0.3908112715163851
448,22.660415872727278,4.070149605033987,-0.3369476478787825,0.11367066869505274,1.4733333333349918e-05,1.6152572482987658e-05,-0.7160137516666643,0.24155017104348028
449,16.149107134848464,4.230499626956683,-0.4769174545454513,0.10572667269399944,-3.357666666675696e-05,1.6152572482987658e-05,-1.0134495916666708,0.22466917956090926
450,18.266521403030325,4.1365063450123625,-0.04972491121211897,0.10899154353700397,2.786969696827457e-06,1.3163126979094456e-05,-0.1056654366666665,0.23160703009088926
451,14.342539054545433,4.242090613482311,0.1617556184848512,0.10810862031017786,2.786969696827457e-06,1.3163126979094456e-05,0.34373068772727944,0.2297308182456612
452,-6.343025384848495,4.064228930009306,-0.06085846893939095,0.10625194394419728,2.786969696827457e-06,1.3163126979094456e-05,-0.1293242472727174,0.2257853809270257
453,-7.053583774242433,3.8633783036642595,0.1878915307575757,0.12720581593428495,-2.6880757575953318e-05,1.71274488279886e-05,0.3992695024242332,0.27031235885442134
454,-6.640337598484827,3.8531700819645254,0.5515871828787899,0.11709404065369536,-5.298484849480811e-07,1.625169902624599e-05,1.172122763636354,0.24882483632477054
455,0.8566719742424311,3.609305316039568,0.21518367439393726,0.1063251328620297,-5.29848485086859e-07,1.625169902624599e-05,0.45726530787878694,0.22594090720966536
456,2.68608215000004,3.6342295611732967,0.08943962651515314,0.10890123758230716,3.734893939386086e-05,2.0034380422803073e-05,0.19005920681817834,0.23141512980509257
457,7.64135473939394,2.3180961387173613,0.28395716984848773,0.10951571015634706,5.582621212113503e-05,1.9913613851120668e-05,0.6034089868181791,0.23272088402395189
458,12.972551325757564,2.967812010931592,0.5446168928787909,0.1153070493445633,0.000119929545454589,1.9913613851120668e-05,1.157310896515149,0.24502747976133993
459,11.409190442424197,3.4445185106183613,0.02524610196970034,0.10969155485651244,4.417121212130226e-05,1.9913613851120668e-05,0.05364796545453743,0.23309455399999868
460,2.169679960606068,3.4080006974317087,-0.111837231363634,0.11590730069532133,4.417121212130226e-05,1.9913613851120668e-05,-0.237654117878785,0.24630301390918707
461,-4.437606137878767,3.747288986236135,0.02542747469697071,0.1324630071312775,4.4171212121024706e-05,1.991361385112067e-05,0.05403338212121245,0.28148389016128217
462,-3.7002385333333265,4.006475518223376,-0.41530936712121047,0.13767631603862662,-3.916212121229945e-05,1.9913613851120668e-05,-0.8825324069696983,0.29256217157454284
463,-9.371791460606076,4.37896052885611,-0.7165362189394009,0.14349913914979104,-7.981212121227488e-05,1.9913613851120668e-05,-1.5226394666666554,0.3049356707743424
464,-17.68151064393937,4.203283107197718,-0.7403479480303043,0.12071287226963202,-0.00010259272727283775,1.762337832173638e-05,-1.573239389696961,0.2565148536665406
465,-30.296927639393942,4.204207096021897,-0.5891673928787888,0.1205578831044486,-0.00010259272727283775,1.762337832173638e-05,-1.2519807095454505,0.25618550165917475
466,-20.12737497272731,4.122971365489741,-0.5427904087878743,0.11682126156820866,-0.00010259272727283775,1.762337832173638e-05,-1.1534296186363635,0.24824518090167677
467,-19.41293646515149,4.478260103206451,0.022327237878787543,0.10989805707136294,-5.713818181818375e-05,1.2486620634745333e-05,0.04744538136363996,0.23353337134217578
468,-12.349241360606058,4.445177298926277,0.263993904545452,0.10736427936620346,-3.496545454562128e-05,1.1057047578673243e-05,0.5609870480303014,0.22814909370168315
469,0.6765291681818297,3.6378930484449987,0.4447346448484857,0.11477242616907057,-1.3877787807814457e-16,1.3877787807814457e-17,0.9450611216666704,0.24389140566067763
470,5.774733431818149,2.0802028977999605,0.5349121146969726,0.13696022760028767,-1.3877787807814457e-16,1.3877787807814457e-17,1.1366882431818137,0.29104048371938546
471,-2.637724478787895,2.309556344823867,0.37812110848485236,0.13780577430977503,-1.3877787807814457e-16,1.3877787807814457e-17,0.8035073559090877,0.2928372704879384
472,-12.237715989393934,2.8683907985720336,-0.017007275909088904,0.14014526604378488,-1.3877787807814457e-16,1.3877787807814457e-17,-0.0361404607575766,0.2978086903688547
473,-11.66895141666668,3.2417217867140895,-0.16517394257575368,0.1531147845858001,-1.3877787807814457e-16,1.3877787807814457e-17,-0.3509946274242415,0.32536891727546413
474,-22.7194564681818,3.514885967381857,0.009603835606062372,0.1658278714064291,-1.3877787807814457e-16,1.3877787807814457e-17,0.02040815075757152,0.3523842267237792
475,-20.665584413636378,3.348513641381665,0.5596964280303052,0.16604027610269165,-1.3877787807814457e-16,1.3877787807814457e-17,1.1893549104545542,0.3528355867124996
476,-20.526695525757575,3.1631682271104653,0.10921031757576083,0.18400852960227476,-1.3877787807814457e-16,1.3877787807814457e-17,0.2320719250000014,0.391018125448526
477,-13.080808083333348,2.7789142766063075,0.022543651515152252,0.18643692939820367,-1.3877787807814457e-16,1.3877787807814457e-17,0.047905258787888094,0.39617847503437914
478,-10.621212118181802,2.9295955089142125,0.1590436515151561,0.21915595573242908,-1.3877787807814457e-16,1.3877787807814457e-17,0.33796775878788043,0.4657064059723658
479,-0.5303030272727405,2.352806385918509,-0.22724206287878523,0.2202612891126481,-1.3877787807814457e-16,1.3877787807814457e-17,-0.4828893843939408,0.46805523940355687
480,4.924242427272709,2.179581134609627,-0.8555753962121204,0.21098188763045758,-1.3877787807814457e-16,1.3877787807814457e-17,-1.818097717727274,0.44833651126822843
481,1.717171722727251,1.9440049356838756,-0.9043253962121245,0.2046006230328471,-1.3877787807814457e-16,1.3877787807814457e-17,-1.9216914677272756,0.43477632398968613
482,7.777777783333324,3.065777209894266,-0.4173412700000023,0.20681157083640603,-1.3877787807814457e-16,1.3877787807814457e-17,-0.886850198787883,0.4394745880705852
483,4.646464651515121,3.0087109530124128,-0.5401190483333296,0.20043186497566143,-1.3877787807814457e-16,1.3877787807814457e-17,-1.1477529771212236,0.42591771312149035
484,10.362718098484862,3.1145016726732453,0.40927489106060255,0.1884439784409104,-1.3877787807814457e-16,1.3877787807814457e-17,0.8697091440909022,0.40044345423197547
485,9.592516075757622,2.928774667192244,0.5640367960606074,0.1594014131145362,-1.3877787807814457e-16,1.3877787807814457e-17,1.1985781924242378,0.3387280029054182
486,21.314279159090965,3.12547787164886,0.4596428566666644,0.16100352645907523,-1.3877787807814457e-16,1.3877787807814457e-17,0.9767410712121194,0.342132493763071
487,25.765938603030314,3.328198800621455,0.6267857137878785,0.16577657071423088,2.1644696969469468e-05,8.213585002603884e-06,1.331919642727275,0.3522752128526731
488,15.345063178787868,3.347532682078319,0.5054523807575761,0.17048334175828433,2.1644696969608246e-05,8.213585002603884e-06,1.0740863096969688,0.3622771012988056
489,7.991527819696955,3.222440276780498,0.25195238075757853,0.1089164088012586,2.1644696969608246e-05,8.213585002603884e-06,0.5353988096969609,0.23144736878686428
490,-1.85695703636366,3.500662962297141,-0.1318571431818194,0.17124030859169903,2.1644696969608246e-05,8.213585002603882e-06,-0.28019642878788886,0.36388565582477356
491,-11.16251258636364,3.500662962297141,-0.09935714318181743,0.180305575139535,2.1644696969608246e-05,8.213585002603882e-06,-0.21113392878787884,0.38314934724782534
492,-22.526148942424253,3.7246809718901486,-0.5976904765151514,0.19134885978147664,2.1644696969608246e-05,8.213585002603882e-06,-1.2700922621212074,0.4066163271114074
493,-29.006668418181825,3.4970740041203627,-1.0564047615151506,0.19485956223439563,-2.5973636363640917e-05,8.213585002603882e-06,-2.244860118787879,0.41407656983235064
494,-25.777712178787855,3.547979235092081,-1.6154047615151512,0.20235738644810464,-2.5973636363640917e-05,8.213585002603882e-06,-3.4327351187878774,0.43000944628774057
495,-11.493965618181825,4.1601179451906765,-1.6656320342424191,0.20069443999963907,-2.5973636363640917e-05,8.213585002603882e-06,-3.5394680733333317,0.42647568509415884
496,-3.387905015151489,4.135331526063125,-1.0878542562121196,0.20003549384540986,-2.5973636363640917e-05,8.213585002603882e-06,-2.311690295303026,0.42507542450881114
497,20.98881674545453,6.640126002449911,-0.31179365015151506,0.22702317047318327,-2.5973636363640917e-05,8.213585002603882e-06,-0.6625615074242441,0.48242423733067524
498,43.87626263030306,7.677193801447186,0.014444444696968262,0.2175100253241099,-1.3877787807814457e-16,1.3877787807814457e-17,0.030694444696965917,0.46220880379981066
499,47.00757575757578,7.849632828176747,0.4044444446969675,0.1923580284751811,-1.3877787807814457e-16,1.3877787807814457e-17,0.8594444446969751,0.40876081048710455
500,44.88636363636363,7.743152133251528,0.5127777780303044,0.1920209479562166,-1.3877787807814457e-16,1.3877787807814457e-17,1.0896527780303078,0.40804451437895684
501,58.219696969696955,12.9331162473616,0.2744444446969685,0.1920209479562166,-1.3877787807814457e-16,1.3877787807814457e-17,0.5831944446969706,0.40804451437895684
502,51.553030303030276,12.9331162473616,-0.07041666696969706,0.19285159092127727,-1.3877787807814457e-16,1.3877787807814457e-17,-0.1496354169696934,0.4098096306792569
503,28.863636363636367,12.670009164614086,-1.077916666969696,0.19493619329050968,-1.3877787807814457e-16,1.3877787807814457e-17,-2.2905729169696887,0.4142394107130433
504,-1.2878787878788245,12.505279876651638,-0.6590277783333343,0.20418117634808772,-1.3877787807814457e-16,1.3877787807814457e-17,-1.4004340283333327,0.4338849997476451
505,18.560606060606055,12.449741940304037,-0.5506944450000018,0.20546010020169098,-1.3877787807814457e-16,1.3877787807814457e-17,-1.1702256950000045,0.43660271293650255
506,17.54545454545454,12.725251462874452,-0.3871111116666692,0.20662890111232965,-1.3877787807814457e-16,1.3877787807814457e-17,-0.822611111666669,0.4390864148715649
507,-41.04040403787874,12.405217325652147,0.1328888886363644,0.20421566076017073,-1.3877787807814457e-16,1.3877787807814457e-17,0.28238888863636014,0.433958279146758
508,-19.730880227272678,12.583895631465902,0.7279484121212154,0.1205184521954285,-1.3877787807814457e-16,1.3877787807814457e-17,1.5468903765151465,0.2561017109922403
509,-32.42027416666666,12.666625444156475,0.933781745454545,0.1362756037672453,-1.3877787807814457e-16,1.3877787807814457e-17,1.984286209848487,0.28958565804743613
510,-30.450577196969704,12.29090172264734,0.6448928571212087,0.13872210038890362,-1.3877787807814457e-16,1.3877787807814457e-17,1.370397321515151,0.2947844633591994
511,-48.766233765151554,12.352204253832687,0.2483928571212135,0.13452522225428062,-1.3877787807814457e-16,1.3877787807814457e-17,0.5278348215151407,0.2858660973215126
512,-13.993506492424217,6.716793926387747,0.23214285712121585,0.11890166884378167,-1.3877787807814457e-16,1.3877787807814457e-17,0.49330357151514903,0.25266604631338835
513,-33.892496396969705,6.341396815023673,0.2863095237878799,0.1502850456796258,-1.3877787807814457e-16,1.3877787807814457e-17,0.6084077381818176,0.31935572205974966
514,-19.000721507575733,5.589317331263213,0.07892857212121074,0.15958901740983403,-1.3877787807814457e-16,1.3877787807814457e-17,0.1677232148484853,0.3391266619906961
515,-20.932539689393934,5.748022255270067,-0.18107142818181599,0.15702606863155022,-1.3877787807814457e-16,1.3877787807814457e-17,-0.3847767854545481,0.3336803958170128
516,-10.781024537878778,3.992714231097965,0.0355952384848468,0.18491515568858832,-1.3877787807814457e-16,1.3877787807814457e-17,0.07563988121212173,0.39294470580900515
517,-13.116883118181839,4.009975252274862,0.2305952384848453,0.1786480692919572,-1.3877787807814457e-16,1.3877787807814457e-17,0.4900148812121241,0.37962714720996993
518,3.0447330439394094,3.1412188039427984,0.3136507937878763,0.17890315540136112,-1.3877787807814457e-16,1.3877787807814457e-17,0.6665079365151527,0.38016920518774594
519,-0.20202020151511846,3.079513305636954,-0.2744444446969707,0.17567378227955363,-1.3877787807814457e-16,1.3877787807814457e-17,-0.5831944446969661,0.37330678733564243
520,6.388888889393982,2.9681388917973495,0.22388888863636103,0.173089411708212,-1.3877787807814457e-16,1.3877787807814457e-17,0.47576388863636243,0.36781499987653676
521,12.752525253030313,3.267198612303768,0.5163888886363632,0.17543311483075877,-1.3877787807814457e-16,1.3877787807814457e-17,1.0973263886363593,0.3727953690107311
522,8.737373734848504,3.4552365066183963,-0.26361111136363746,0.16947156431965057,-1.3877787807814457e-16,1.3877787807814457e-17,-0.5601736113636324,0.3601270741731558
523,5.252525249999991,3.447893648525797,-0.32861111136363474,0.16863850226646565,-1.3877787807814457e-16,1.3877787807814457e-17,-0.6982986113636347,0.35835681730879365
524,-2.727272724242411,3.413041481463295,0.5525000003030311,0.25846072128863296,-1.3877787807814457e-16,1.3877787807814457e-17,1.1740625003030258,0.5492290327283426
525,-12.454545451515138,3.183520467592064,0.23833333363636688,0.24156147136955056,-1.3877787807814457e-16,1.3877787807814457e-17,0.5064583336363615,0.5133181266468408
526,-17.909090906060605,2.880414213092025,0.23833333363636466,0.24156147136955058,-1.3877787807814457e-16,1.3877787807814457e-17,0.5064583336363615,0.5133181266468408
527,-12.454545451515138,3.183520467592064,0.21666666696969594,0.23951223583385317,-1.3877787807814457e-16,1.3877787807814457e-17,0.4604166669696985,0.508963501139845
528,-3.969696966666696,3.1445143681567957,0.23833333363636466,0.253453699478272,-1.3877787807814457e-16,1.3877787807814457e-17,0.5064583336363615,0.5385891113881223
529,-2.9090909090908923,2.691891712483163,-0.0216666666666665,0.26451086934188545,-1.3877787807814457e-16,1.3877787807814457e-17,-0.046041666666667425,0.5620855973515066
530,3.1313131287878804,3.2069712855003663,-1.1772222219696982,0.26560894396931545,-1.3877787807814457e-16,1.3877787807814457e-17,-2.501597221969698,0.5644190059233936
531,8.13131312878788,3.2069712855003667,-1.2963888886363661,0.2656089439693154,-1.3877787807814457e-16,1.3877787807814457e-17,-2.7548263886363555,0.5644190059233934
532,1.1616161590909257,3.0010711273883044,-0.794444443939395,0.2783133725766694,-1.3877787807814457e-16,1.3877787807814457e-17,-1.6881944439393948,0.5914159166816318
533,7.601010098484835,2.981500968020112,-0.02527777727272751,0.34598892084219324,-1.3877787807814457e-16,1.3877787807814457e-17,-0.053715277272723405,0.7352264567698065
534,5.4797979772727246,3.270130843793258,0.2347222227272705,0.35956223385578695,-1.3877787807814457e-16,1.3877787807814457e-17,0.49878472272727237,0.7640697469195123
535,11.919191916666634,3.297395805218386,1.3613888893939374,0.2867867965752766,-1.3877787807814457e-16,1.3877787807814457e-17,2.892951389393943,0.6094219426768754
536,7.651515154545443,4.244696360874812,1.1473015875757575,0.2870712775368969,-1.3877787807814457e-16,1.3877787807814457e-17,2.438015873181816,0.6100264647304594
537,5.462962965151519,4.263092989550346,1.2676719580303053,0.28545218845596654,-1.3877787807814457e-16,1.3877787807814457e-17,2.6938029103030336,0.6065859004380091
538,2.8464128515151543,3.99323499107208,0.6773941796969662,0.2795764787039183,-1.3877787807814457e-16,1.3877787807814457e-17,1.4394626319696924,0.5941000172262066
539,-2.608132603030313,3.9944049487005477,-0.7526058203030295,0.26451631415487864,-1.3877787807814457e-16,1.3877787807814457e-17,-1.5992873680303177,0.5620971675731243
540,7.240352245454602,4.126944543078019,-0.5978439157575743,0.24844171164447315,-1.3877787807814457e-16,1.3877787807814457e-17,-1.270418320303035,0.5279386372128774
541,25.220150219696933,4.989344937111099,-0.4100661374242409,0.25183239884335606,-1.3877787807814457e-16,1.3877787807814457e-17,-0.8713905419697054,0.535143847495091
542,14.99287749242427,4.996839928120699,-0.4410185190909077,0.24738133912520768,-1.3877787807814457e-16,1.3877787807814457e-17,-0.9371643519696926,0.5256853455949707
543,15.337995339393977,5.1096645716506615,-0.31944444515151327,0.2442919906257203,-1.3877787807814457e-16,1.3877787807814457e-17,-0.6788194446969742,0.5191204800342539
544,23.548951043939397,5.307738502675309,0.2605555548484828,0.11580184027280359,-1.3877787807814457e-16,1.3877787807814457e-17,0.5536805553030222,0.24607891048392969
545,16.927738922727258,4.767430368091402,-0.04711111181818106,0.08285778322591886,-1.3877787807814457e-16,1.3877787807814457e-17,-0.10011111136364548,0.1760727892212186
546,10.601981346969716,5.0253389512028095,0.007829364848483955,0.08795045468704991,-1.3877787807814457e-16,1.3877787807814457e-17,0.01663740030302563,0.186894716083873
547,-1.8750618090908588,5.067569116901926,-0.35412590227272833,0.0860532209037102,-1.3877787807814457e-16,1.3877787807814457e-17,-0.7525175422727282,0.18286309423133099
548,-7.817822754545389,4.751585262758685,-0.19644071681818254,0.08645376321071875,-1.3877787807814457e-16,1.3877787807814457e-17,-0.4174365234848487,0.1837142466274692
549,-3.17413311060605,4.761544376652436,0.24562277590909343,0.11301415906577927,-1.3877787807814457e-16,1.3877787807814457e-17,0.5219483980302986,0.24015508788182863
550,-13.896135746969698,4.860874232229194,0.5254053842424256,0.1571586517852063,-1.3877787807814457e-16,1.3877787807814457e-17,1.1164864412121212,0.3339621350607233
551,-1.0299741333333046,4.996400602860094,0.8483418916666707,0.2006806809450921,-1.3877787807814457e-16,1.3877787807814457e-17,1.802726520454554,0.426446447125661
552,-9.97357683333334,4.438044013406729,1.5013511510606126,0.216613401621779,-1.3877787807814457e-16,1.3877787807814457e-17,3.1903711965151516,0.46030347858665
553,-4.081968433333358,4.454619216457143,1.5163511510606065,0.208471890459152,-1.3877787807814457e-16,1.3877787807814457e-17,3.2222461965151528,0.4430027673542156
554,-11.030621625757604,4.1693787141046315,1.4724159654545477,0.19004206344618696,-1.3877787807814457e-16,1.3877787807814457e-17,3.1288839275757674,0.4038393850035957
555,-2.7665523545454818,3.966890836434848,1.0005985051515154,0.20185497829937007,-1.3877787807814457e-16,1.3877787807814457e-17,2.126271823939412,0.42894182910406714
556,-0.24619063030304034,3.9280678595676406,0.5688494940909106,0.19802323485823198,1.7217424242432777e-05,6.533553125695207e-06,1.208805174393932,0.42079937429108394
557,-6.02078438484849,2.7885453226003376,-0.09166982909090793,0.18161284473596911,1.7217424242432777e-05,6.533553125695207e-06,-0.19479838818182493,0.3859272952709236
558,-9.201509381818198,2.852101909356966,-0.5013746149999987,0.1714927342878845,1.7217424242432777e-05,6.533553125695207e-06,-1.065421058181819,0.3644220605827964
559,-8.521633709090892,2.8278088168097804,-0.5141523925757574,0.1608841026899049,1.7217424242432777e-05,6.533553125695207e-06,-1.0925738357575732,0.34187871839885725
560,-7.311316256060607,2.8463655326022193,-0.3660968371212081,0.16165446370288933,1.7217424242432777e-05,6.533553125695207e-06,-0.7779557801515313,0.34351573557755605
561,-10.736052753030343,2.813477188373408,0.25101555621212635,0.16467104928694976,1.7217424242432777e-05,6.533553125695207e-06,0.5334080569696908,0.34992597988936996
562,-7.227894251515146,1.5919392872905929,0.33518222257575836,0.14611444335437543,-2.0660909090947088e-05,6.533553125695207e-06,0.712262223333342,0.3104931922299338
563,-1.4395076803030094,1.8116728997723321,0.1308698734848468,0.13824984302452908,3.0133333332738044e-06,1.0566731196628512e-05,0.2780984819696908,0.2937809165054165
564,8.5330198030303,2.7666886688284333,-0.05061822136363858,0.14264387866672207,3.0133333332738044e-06,1.0566731196628512e-05,-0.10756372015152671,0.30311824219001626
565,10.5829306772727,2.771286355790511,-0.6120397899999985,0.15209952110507227,3.0133333332738044e-06,1.0566731196628512e-05,-1.3005845531818316,0.323211482267439
566,8.385305062121162,2.7638090570379097,-1.0390654039393965,0.13096053604506883,3.0133333332738044e-06,1.0566731196628512e-05,-2.2080139818181843,0.2782911388781454
567,13.201076413636343,2.969882730878569,-0.9569370895454532,0.13631144059765055,2.3674242424082115e-05,8.983743352750089e-06,-2.0334913139393906,0.2896618110867071
568,18.775115904545423,2.886045985915178,-0.6909571037878814,0.11557071634957786,2.3674242424082115e-05,8.983743352750089e-06,-1.4682838434848478,0.2455877721364477
569,14.028522531818162,2.612648911482136,-0.5824566983333312,0.11014633971367983,-1.1191666666604538e-05,1.0566731196628512e-05,-1.2377204809090925,0.23406097174172577
570,1.706602018181833,2.5475379217708065,-0.2570346196969697,0.06570777586341214,-1.1191666666604538e-05,1.0566731196628512e-05,-0.5461985648484902,0.13962902355176643
571,4.437694459090906,2.6414459845204714,0.009884149242420648,0.0559957727086886,-1.1191666666604538e-05,1.0566731196628512e-05,0.02100381636363835,0.11899101697743267
572,3.2471600909090625,2.6614442036788017,0.14709909121212394,0.05712179885642001,-1.1191666666604538e-05,1.0566731196628512e-05,0.3125855684848533,0.12138382261035412
573,-7.919747715151502,2.462067517509143,0.24669679272727008,0.06448604861561032,-1.1191666666604538e-05,1.0566731196628512e-05,0.5242306836363575,0.1370328535168136
574,-11.579191169696976,2.515130799076049,0.097181551818184,0.06304205432977078,1.7217424242432777e-05,6.533553125695207e-06,0.2065107943939415,0.133964365721954
575,-9.512091592424277,2.000968870792949,-0.0746041631818195,0.06597872863093177,-2.0660909090947088e-05,6.533553125695207e-06,-0.15853384893939726,0.1402047985617873
576,-4.659854040909082,2.2590153256763346,-0.21059659590909385,0.06329554095015984,-2.0660909090947088e-05,6.533553125695207e-06,-0.4475177671212105,0.1345030247919228
577,-12.309227833333338,2.3488009933946854,-0.3383317210606074,0.0662259862593041,-2.0660909090947088e-05,6.533553125695207e-06,-0.7189549068181789,0.14073022118201212
578,-8.359793089393968,2.2873750410928926,-0.40836386136363867,0.07337816627910189,4.0428787878576955e-06,1.0877387498540421e-05,-0.8677732074242384,0.15592860359018884
