,0,1,2,3,4,5,6,7,8,9,10,11,12,13,14,15,16,17,18,19,20,21,22,23,24,25,26,27,28,29,30,31,32,33,34,35,36,37,38,39,40,41,42,43
0,0.0,35.650164190766496,0.0,29.68220413041509,0.0,-72.6535921743356,121.60281180441186,-137.2254276532073,0.0,18.600515419184347,0.0,-1.7851971058591043,-30.715389387585546,32.50058649344465,-3.1261985563382666,0.0,-12.501902560182165,0.0,21.233565853759906,0.0,14.550770664285972,0.0,0.0,-0.20018864944653103,0.0,0.0,0.0,-3.473319943386022,-12.569074172286943,-4.090224737377834,0.0,1.180702595036509,0.0,-1.785197117753734,-30.715389372456926,32.50058649021068,-3.126198558638915,0.0,-12.501902556532896,0.0,21.233565863223337,0.0,14.55077065516559,0.0
1,0.0,17.218090954699996,0.0,-56.580006460266084,-3.4718341474444525,116.78042861094156,-97.69260544424921,-9.32092469541197,0.0,-4.025975448915675,0.0,-7.423131926486837,37.56823745764027,-1.1573214969396228,-4.990167160132442,0.0,-3.2685407086988305,7.437672397258677,11.038691243937915,0.420912487122449,-36.60416978377309,0.0,0.0,-0.20228163477775674,0.0,0.0,0.0,-20.36630025580233,0.0,0.2586965659177931,0.6807832073909559,-0.7466020235785908,0.0,-7.423131910314229,37.56823746206519,-1.1573215064919928,-4.990167151905833,0.0,-3.2685407100218056,7.437672407248308,11.03869124590997,0.4209124780640394,-36.60416979266077,0.0
2,0.0,29.31639331064453,0.0,-70.40277401048276,118.59965522167961,-134.98095622665085,0.0,20.342798459626323,0.0,53.708129112112026,0.0,25.8341423447034,-0.9183521390166427,0.0,-11.819217908431101,0.0,20.119851719977444,0.0,1.9235813391023981,-14.804369384121252,0.79353417540311,0.0,0.0,0.0,0.0,-3.4313597142280106,-12.673118919377524,-4.043220944602854,0.0,0.687361581925261,0.0,-0.5239728815452427,0.0,25.834142343553435,-0.9183521418923313,0.0,-11.819217905067436,0.0,20.11985172915289,0.0,1.923581329661661,-14.804369387953464,0.7935341846260435,0.0
3,0.0,-56.995034464668095,0.0,111.92944188290524,-92.30936366556692,-11.830625910484471,0.0,23.939333224047267,0.0,-3.343101562693196,0.0,-3.3239553883341877,-3.694987104244851,0.0,-4.354994225768749,9.48581658260811,8.545812307975687,2.4140102114550865,-27.221388711450413,0.0,-3.4218396855618005,0.0,0.0,0.0,0.0,-20.241549897689914,0.0,0.22346462581941395,0.742935263784883,-0.788497597070581,0.0,0.10932209235203771,0.0,-3.3239553932229438,-3.694987098313307,0.0,-4.354994224556319,9.485816587362873,8.545812314049762,2.4140101985830054,-27.221388710784588,0.0,-3.4218396856163125,0.0
4,0.0,-70.29604359055712,118.52448160523915,-136.28182828460154,0.0,20.747281758078493,0.0,42.168834071018765,0.0,-38.23491302136412,0.0,0.0,-12.12814037993093,0.0,20.62441465785534,0.0,6.982355872958468,-26.34626369961216,1.3220811889376516,0.0,-12.864299299976745,0.0,0.0,-3.3941021931873205,-12.499051617629453,-3.990572943676529,0.0,0.6774648558704577,0.0,-0.4561147955340239,0.0,-0.16764453345379238,0.0,0.0,-12.128140376774654,0.0,20.624414667711342,0.0,6.982355862797052,-26.346263702886418,1.322081195330349,0.0,-12.864299315551486,0.0
5,-9.82312200952049,122.81429900297782,-102.67908926987079,-6.884338914919619,0.0,25.058818075103993,0.0,-14.744597623506062,0.0,-57.77656963759226,0.0,0.0,-6.327729750870381,13.26350450052638,5.8801949102461055,5.371849552042507,-29.8782382059664,0.011456030671652684,-7.170441754807411,0.0,-17.726412057955116,0.0,0.0,-19.853138029376495,0.0,0.23076201688931874,0.7033558281356544,-0.7599758468177065,0.0,-0.0066917430304958,0.0,-0.14399018083306458,0.0,0.0,-6.32772974985043,13.263504505887624,5.8801949164466905,5.371849538885676,-29.878238210249286,0.011456039906665438,-7.170441765846203,0.0,-17.7264120484121,0.0
6,120.75668849368859,-137.91375402459747,0.0,21.091861723816763,0.0,42.68083868182466,0.0,-59.32636970975133,0.0,-32.685438559899715,0.0,0.0,21.258177688790813,0.0,8.516003547995975,-30.266701593401525,3.1620461427297353,0.0,-19.954942616480032,0.0,0.9891678472449095,0.0,-12.036748842795664,-3.829090967818205,0.0,0.6498000142094895,0.0,-0.4375087473865058,0.0,-0.17526865410277814,0.0,0.06279473128794066,0.0,0.0,21.258177698656656,0.0,8.516003537934491,-30.266701597596658,3.162046149990938,0.0,-19.95494262505506,0.0,0.9891678523848535,0.0
7,-106.0569836143094,-6.467466677812084,0.0,25.972859029087083,0.0,-15.253482839740995,0.0,-64.07797435173306,0.0,6.669931548710162,0.0,17.005107398251308,2.5830982371508604,8.54015684794408,-33.63201639858251,4.141162884612548,-9.257037447899762,0.0,-13.593999907208415,0.0,2.3008179836489893,0.0,0.0,0.21225163678701975,0.6552379268557118,-0.7061102992100832,0.0,-0.006201690739793264,0.0,-0.09615821172670458,0.0,-0.05901936196615054,0.0,17.005107402966257,2.583098244664561,8.540156833868195,-33.63201640290669,4.141162892913353,-9.257037458654382,0.0,-13.593999899924691,0.0,2.3008179643616566,0.0
8,34.780564548046875,2.41293113225165,0.0,39.58656190493146,-2.388163924487774,-50.4874732512484,-2.404882384966145,-22.064681897739604,0.0,-55.81332467714879,0.0,0.0,8.736363622897414,-31.5209033451211,3.063972240719537,0.0,-21.44810410409698,0.0,0.13867968798032537,0.0,-34.14446944396072,0.0,0.0,0.9081302650582934,-0.5628398548058744,-0.14042888596574876,0.0,-0.16913572020347267,0.0,0.012446820109479617,0.0,-0.048172624192677205,0.0,0.0,8.736363613065068,-31.520903351480968,3.0639722495209964,0.0,-21.44810411339837,0.0,0.1386796843141802,0.0,-34.14446943644845,0.0
9,0.0,9.971486507709804,22.761425283654326,-23.760253576110824,0.0,-50.98939054150251,0.0,-17.635967212738947,-1.5654174109907881,48.266538724305306,0.0,7.344744282692117,-32.54657418479443,2.507958682214939,-8.55373063644278,0.0,-13.803128512176432,0.0,-7.77208231066639,-9.292418256537893,41.904249053742475,0.0,0.6551727047196199,-0.7060399953584096,0.0,-0.006201071067080122,0.0,-0.09614859868278813,0.0,-0.05901345715542128,0.0,0.09606615578703348,0.0,7.344744274614867,-32.546574195880076,2.5079586986435087,-8.553730651266322,0.0,-13.803128504631722,0.0,-7.7720823297806385,-9.292418243489099,41.90424906485302,0.0
10,0.0,38.57107215172344,-3.855657072516694,-45.974823524148256,-4.831008715696061,-19.219851508225183,0.0,-21.694646027961628,33.03085320923418,22.188222891120457,0.0,-20.581263270506668,-2.0336544849078875,0.0,-19.49077217242855,0.0,0.12476363635360865,0.0,-10.66752946351237,17.028545715567343,9.459949886502738,0.0,-0.5538841348399881,-0.14485000302904005,0.0,-0.1691079014126462,0.0,0.012444771300534896,0.0,-0.00010485420793848732,0.0,0.1060234245624514,0.0,-20.581263273752583,-2.0336544780640287,0.0,-19.490772180256478,0.0,0.12476363305016225,0.0,-10.66752945363989,17.028545718813938,9.459949881765862,0.0
11,23.06179854195087,-23.856478099451284,0.0,-50.78904454832811,0.0,-17.138242783855738,-2.3662057099028466,51.36330607904238,0.0,2.743914509741563,0.0,5.4080581335188675,-9.418670806228867,0.0,-12.644442217224539,0.0,-5.063919205477941,-12.559593000478403,38.314639695022606,0.0,-1.4628183871510658,0.0,0.0,0.05250975165527194,-0.1174414569586002,-0.037296843228462606,0.0,-0.058943563973956614,0.0,0.12490645556963997,0.0,-0.046767451816220884,0.0,5.408058144859229,-9.41867081777643,0.0,-12.644442209966744,0.0,-5.063919224706415,-12.559592983560485,38.31463969884821,0.0,-1.462818389896725,0.0
12,-3.908260133918162,-45.93999447083341,-4.9189133235744364,-19.196167417487686,0.0,-21.785728901667234,33.18001515944991,22.11450053787365,0.0,-14.301808069722366,0.0,0.0,-18.709298344789115,0.0,0.11928269646152012,0.0,-16.010613625523547,26.806314927449776,4.748185480045574,0.0,-19.02808566672277,0.0,0.03259485004281082,-0.18516144277627156,0.0,0.021020942645488816,-0.01718880894241437,0.0,0.01697941941949388,0.05953010971153638,0.0,-0.09399092640181017,0.0,0.0,-18.709298352119184,0.0,0.11928269330161445,0.0,-16.010613616570858,26.806314931306673,4.748185475105471,0.0,-19.02808565355887,0.0
13,-9.13735709757999,-42.61202777495674,0.0,-3.904435011285079,-27.22077053762657,60.5968230322449,0.0,-3.7778661752314147,-0.11541993372565784,-2.337514590820833,0.0,0.0,-12.410905170082042,0.0,-3.6410215020313053,-15.11963992242925,39.08404664794662,0.0,-6.262592952505974,-9.09500753315079,-0.002058642056401716,0.0,-0.1162869909444364,-0.03786846006956779,0.0,-0.05893990707215302,0.0,0.12489870883660714,0.0,-0.07481940960065714,0.0,0.01621989340008234,0.0,0.0,-12.410905162930973,0.0,-3.641021516763421,-15.119639914428395,39.084046656138426,0.0,-6.262592951975154,-9.095007527846356,-0.002058641530333638,0.0
14,-8.032042495978553,-14.128312744899185,0.0,-20.40158355739452,31.9643459712077,16.850333141680807,0.0,-10.229936443520904,0.0,-10.929986590223484,0.0,0.0,0.11639099001629072,0.0,-16.42694972698713,27.613493693084624,4.007940230816443,0.0,-15.856377857215154,0.0,-4.392260223289068,0.0,0.0,0.027367828396229754,-0.02989317380257539,4.440892098500626e-14,0.029683874218067174,0.05790148768349823,-0.009495732550002245,-0.06707007659705333,0.0,0.00417653571456178,0.0,0.0,0.11639098693110306,0.0,-16.42694971854002,27.613493697384307,4.00794022553892,0.0,-15.856377846069725,0.0,-4.392260224344002,0.0
15,0.0,-2.992416027564504,-28.99918265894459,61.25496972185505,0.0,-3.09806740455727,-1.4325569563752971,-7.846066990472522,-1.1496488795881277,-52.43977677907199,0.0,0.0,-3.7000143257725826,-15.377171999739831,39.68369623533657,0.0,-6.345218752529558,-9.219190453901739,-3.6256623841389612,0.0,-14.619548874398303,0.0,0.03008992321253956,-0.07397873629262364,0.0,0.11810227750053137,0.01357121568181796,-0.07571879630514644,-0.011759639125585863,0.01311901141614058,0.0,-0.05731406916775761,0.0,0.0,-3.700014340940161,-15.377171991876448,39.683696244617984,0.0,-6.345218752215476,-9.219190448568426,-3.625662383521644,0.0,-14.619548896392253,0.0
16,0.0,-21.38771747399386,33.48627800929997,17.098083385193252,0.0,-10.486102293657007,0.0,-25.59189626017946,-9.755956943804689,9.428737320475422,0.0,0.0,-17.077130187423244,28.69686572989409,3.8483555067474917,0.0,-16.142892927979613,0.0,-9.622796136302036,0.0,-0.6126829925852117,0.0,-0.028547766757114346,4.440892098500626e-14,0.028338457913434922,0.057904048439905154,-0.008150474011259234,-0.06774542875143119,0.0,-0.019984454085042458,0.0,0.0018797916188084685,0.0,0.0,-17.077130176040445,28.696865729307586,3.8483555040411455,0.0,-16.142892917114082,0.0,-9.622796147551638,0.0,-0.6126830031300878,0.0
17,-22.06778687435684,56.307974779538704,0.0,-3.741620867315909,0.0,-8.95880847883399,0.0,-38.32896760421804,4.858892912220281,38.8477682998972,0.0,-16.13062481398645,39.99180689689331,0.0,-6.016123498129511,-9.846903982555155,-3.2713208402573857,0.0,-12.073766783447592,0.0,8.57106109832162,0.0,0.0,0.11359122830683077,0.022586751453479437,-0.07571364029534955,-0.02078196374197816,0.017630374132204807,0.0,-0.04428729505123741,0.0,0.02704660636916323,0.0,-16.13062480571643,39.99180690596613,0.0,-6.01612349805154,-9.846903976773657,-3.2713208399145266,0.0,-12.073766804974518,0.0,8.571061103093847,0.0
18,32.88934115399233,17.95036658826028,0.0,-10.659630693456412,0.0,-26.781424157958746,-8.563479755242787,23.500198073202007,0.0,25.778933654713576,0.0,28.947228326432416,3.6715383877495733,0.0,-16.077848169628616,0.0,-9.578746643909565,0.0,2.4171459793059347,0.0,7.792304190614008,0.0,0.03924272747761748,0.057900937193222646,-0.019047315825782007,-0.06229669223949408,0.0,-0.019984469356515433,0.0,0.0088908125838838,0.0,0.04075636639906399,0.0,28.94722832681571,3.6715383845937755,0.0,-16.07784815876656,0.0,-9.578746655080227,0.0,2.4171459708626664,0.0,7.7923042274152365,0.0
19,0.0,-4.170132886630951,-1.2030090821319117,-10.62429955538624,-0.8099919329575211,-58.362259828358006,15.840030551119222,57.66644965917362,2.007474214000915,69.94406514531559,0.0,0.0,-5.344297607597614,-11.598580731957654,-2.48162175796236,0.0,-12.28811452705328,0.0,11.293239190430409,0.0,25.033344813032222,0.0,0.020679673181689395,-0.07577116118988592,-0.01887210275737239,0.016680781163280756,0.0,-0.044320535352015966,0.0,0.04395548036755237,0.0,0.29879794784735125,0.0,0.0,-5.344297611148052,-11.59858071695159,-2.481621761914443,0.0,-12.288114548085805,0.0,11.293239213255601,0.0,25.033344793106615,0.0
20,0.0,-11.774847728538518,0.0,-35.08138865340938,0.0,21.83216410442892,0.0,43.692116013116646,31.798623503620547,-64.46339462253508,0.0,0.0,-16.281644084363922,0.0,-9.71692174769837,0.0,2.4532904070888595,0.0,12.926221341661126,12.706371258132032,-10.061518961515937,0.0,0.0,-0.07184677959881647,0.0,-0.01999170060278388,0.0,0.008894029843320439,0.0,0.09922341428700854,0.16500265913879097,-0.17709548545230547,0.0,0.0,-16.281644073494817,0.0,-9.716921759119423,0.0,2.4532903985462484,0.0,12.926221373938995,12.706371230361668,-10.061518957083205,0.0
21,0.0,-9.794559447024964,0.0,-40.187600527790934,0.0,53.48964697398486,0.0,52.28530763672987,-43.16482148528485,-42.00175346119974,0.0,-10.182396616977375,-3.018000945458421,0.0,-11.949767286392726,0.0,10.980805703578373,0.0,20.38368522472772,-5.756852185832029,2.1575202409435112,0.0,0.0,0.007241195891927177,0.0,-0.04430163519857366,0.0,0.043936735854810394,0.0,0.2529300143204516,-0.14386192169726364,-0.07621139316955627,0.0,-10.182396603263545,-3.0180009490600845,0.0,-11.949767307270509,0.0,10.980805726166665,0.0,20.383685205044277,-5.756852176708582,2.1575202486386003,0.0
22,0.0,-35.43620416047979,0.0,22.067500945946115,0.0,44.726206275314965,30.76690349086202,-75.04012073980601,0.0,-1.0295015593406731,0.0,0.0,-9.652496304543767,0.0,2.436433138467864,0.0,12.798825251442114,12.719857328786087,-6.691086189175777,0.0,-0.25481471298883784,0.0,0.0,-0.019991344286340862,0.0,0.0088938713143083,0.0,0.09613845782858732,0.17116092335660582,-0.1953600076533668,0.0,-0.010294861303750125,0.0,0.0,-9.652496315940118,0.0,2.436433129995641,0.0,12.798825284172022,12.71985730013041,-6.6910861799713395,0.0,-0.2548147200786888,0.0
23,0.0,-39.87551880564122,0.0,53.09882554435723,0.0,51.77093075296857,-42.256605092141754,-36.704874679104506,0.0,19.63884883065914,0.0,0.0,-12.012743760542538,0.0,11.03895272400493,0.0,21.541929078509625,-7.988868448115483,1.552090830068742,0.0,1.1209622963724186,0.0,0.0,-0.04430522537912651,0.0,0.043940296470657,0.0,0.25234662177400224,-0.1426649718139661,-0.07437332878241776,0.0,0.102131875742284,0.0,0.0,-12.012743781040559,0.0,11.038952746260101,0.0,21.54192905717409,-7.9888684369033625,1.5520908312356418,0.0,1.1209622823618925,0.0
24,0.0,21.998470534189085,0.0,44.591874687401756,30.777493666596545,-74.91764332024803,0.0,6.600980854166494,0.0,-0.7374841157035128,0.0,0.0,2.440088152954012,0.0,12.833961007480632,12.702829279866346,-6.683765287855669,0.0,1.1932472672097294,0.0,-10.11617394401969,0.0,0.0,0.008894191721298128,0.0,0.09712407943491819,0.16920442818006975,-0.19438654347125883,0.0,0.03955282191414611,0.0,-0.09990226181053607,0.0,0.0,2.4400881444620826,0.0,12.833961040239593,12.702829251102132,-6.683765278602993,0.0,1.193247255982488,0.0,-10.116173937242024,0.0
25,0.0,53.11379001705006,0.0,51.77160855202243,-42.243210078890534,-36.7256211549277,0.0,15.873163953681502,0.0,8.82575810399353,0.0,0.0,10.941323138786357,0.0,21.076052232622345,-7.301541028190284,1.2132406364660842,0.0,-2.479346221459411,-4.115445862826239,3.3545357794262043,0.0,0.0,0.04393640524846809,0.0,0.24767659899080918,-0.13335052753369325,-0.07902087584090722,0.0,0.051048631084782414,-0.047530996603040165,-0.03967530250115203,0.0,0.0,10.941323161159456,0.0,21.07605221276234,-7.3015410189097185,1.213240638545665,0.0,-2.4793462365104046,-4.115445849846977,3.3545357786758156,0.0
26,0.0,41.144196978956685,33.939977149646694,-74.64821093105813,0.0,6.3783309775127695,0.0,5.764739029532695,0.0,14.038788219308751,0.0,0.0,11.50451515226607,14.672955004692223,-7.594573936921845,0.0,1.1777815448535955,0.0,-6.361141271675363,0.0,9.755328289473365,0.0,0.0,0.09365253236501836,0.17615848298686565,-0.19786569199635728,0.0,0.03955466773879479,0.0,-0.09418200658468656,0.0,0.1719042541890925,0.0,0.0,11.504515181792208,14.672954981192209,-7.594573930187654,0.0,1.1777815337550068,0.0,-6.361141264809933,0.0,9.755328278853547,0.0
27,0.0,49.980147967653735,-41.449387465996644,-34.10585883530941,0.0,14.87643735592119,0.0,12.22730825919398,0.0,-1.8341346437555028,0.0,0.0,20.11830761907453,-6.596495335391717,0.93060624605249,0.0,-2.6417452400347763,-3.471976851917924,6.109976712475507,0.0,-3.5794909494284988,0.0,0.0,0.23378790216224132,-0.10561156865906973,-0.09287650574867357,0.0,0.037167432173124126,-0.019772222752978408,0.011440128313644493,0.03624218716007377,-0.051235788927472825,0.0,0.0,20.11830760014337,-6.59649532870239,0.9306062493778411,0.0,-2.6417452530932417,-3.4719768419894548,6.109976707475595,0.0,-3.5794909185726143,0.0
28,32.8921217103737,-73.54756978545302,0.0,6.286734592388843,0.0,5.686767271252746,0.0,11.037861029781482,0.0,7.647622502555329,0.0,12.526152349075359,-6.5790434776466515,0.0,1.1443511938368234,0.0,-6.175955390755783,0.0,6.262212640996722,0.0,7.055919503147057,0.0,0.156777644785544,-0.18817089505422935,0.0,0.03955018448844605,0.0,-0.09417132878395407,0.0,0.11381958671439207,0.0,0.0676056823777138,0.0,12.526152333628593,-6.579043474451995,0.0,1.1443511830700137,0.0,-6.175955384179099,0.0,6.262212647848164,0.0,7.05591950408937,0.0
29,-42.25663745568862,-34.668088884526995,0.0,15.211567284559324,0.0,12.467087683075562,0.0,3.4983837082079194,0.0,17.137902918403334,0.0,-5.192389088281423,0.25145866966309605,0.0,-3.2708647975228766,-2.0315597255327944,5.298747357287947,0.0,0.8248420458909833,1.890033124915269,-9.514109721866271,0.0,-0.09406991809051135,-0.09863798387268474,0.0,0.03139148820654469,-0.008224108678778208,0.011438507291838818,0.02469496205041999,0.017402959125023543,0.0,0.022583398083453332,0.0,-5.1923890892784375,0.2514586767476956,0.0,-3.270864806596685,-2.031559723738785,5.298747356585731,0.0,0.8248420705782911,1.8900331175966123,-9.514109722475705,0.0
30,-6.645411247034749,8.706039502060525,0.7616678526421339,4.812399568507253,0.0,10.149025868692929,0.0,11.765801525258146,2.2693974654532933,-6.8443796522888345,0.0,0.0,1.1656531165041617,0.0,-6.293923916057842,0.0,6.381776791095994,0.0,3.6821842005227867,-6.561071725947132,-14.428143174383912,0.0,0.0,0.022086739473969885,0.03491586342758701,-0.11161823499983292,0.0,0.13951799529832165,-0.051426394698372846,0.07319643123531172,0.0,-0.11571957195131155,0.0,0.0,1.1656531055290076,0.0,-6.29392390931427,0.0,6.381776798028338,0.0,3.6821842039772568,-6.561071727513457,-14.428143183387476,0.0
31,0.0,14.138932617769262,0.0,11.694746228792452,0.0,2.3730459043850516,1.8402991643383437,11.860092684232093,-4.108467429783014,-0.8484362732690709,0.0,0.0,-2.791472679247531,-3.096051272566447,5.883808100515509,0.0,0.33744534962525385,2.8898806147383493,-14.285706779519291,-1.7487713826752627,8.656830686629757,0.0,0.0,0.04638894220749812,-0.03822159015660631,0.01144041385878758,0.05468681742510917,-0.004724135410416608,0.014268768269598553,-0.03233613673279123,0.0,0.10632769794094443,0.0,0.0,-2.791472690140284,-3.0960512673529506,5.88380809812874,0.0,0.33744537634021743,2.889880603928807,-14.28570677497829,-1.74877140098606,8.65683070666563,0.0
32,5.19127310092542,0.6297588088504114,4.128421266774485,8.259343898277294,0.0,10.233611213064142,5.614668873270245,-7.0935055311382555,0.0,12.599934659494538,0.0,0.0,-6.1775105189470825,0.0,6.263788816033056,0.0,3.086058154006177,-5.349023807495357,-9.873626548374148,3.7754089220312648,8.632354572510826,0.0,0.011172008449822357,-0.09977726206704673,0.0,0.12768909605691547,-0.027692389224620584,0.06134198645924016,0.0,-0.07148726547221429,0.06569957787152525,0.12325991136172831,0.0,0.0,-6.177510512190643,0.0,6.263788822705574,0.0,3.0860581560828937,-5.3490238063376605,-9.873626559403515,3.775408941799263,8.632354559179213,0.0
33,0.0,11.39488386785068,0.0,2.7821249687085547,0.8716086465410999,11.650389540377182,-3.1882450513152083,2.7219356872439704,3.209252090582515,-3.434207680782464,0.0,-2.954743862054421,5.810682515729715,0.0,0.40424760636041945,2.7570230377493843,-14.290974183697857,-1.5968083411190492,10.701595823828658,0.0,1.9116194221239446,0.0,-0.03525365444789763,0.011445832761092234,0.05172750810951143,-0.00174116788174139,0.011290603786706654,-0.030859457289444947,0.0,0.1459133494186471,0.0,0.10051018176953086,0.0,-2.9547438575001195,5.8106825137018925,0.0,0.4042476327451361,2.7570230275892893,-14.290974179185234,-1.5968083601419547,10.70159583844028,0.0,1.911619411172527,0.0
34,2.7332195361282174,8.58379813556871,0.0,10.416951338387337,4.457784139942511,-6.399855767742668,0.0,9.113652723454768,-0.7343161643374341,-4.175295582934302,0.0,0.0,6.25947287574895,0.0,3.12422860020386,-5.428090452293799,-9.870939661236221,3.864511135301729,8.497520540853776,0.0,-5.704460346315243,0.0,0.0,0.13014503204828998,-0.03258444327536303,0.0637926663482613,0.0,-0.07393910901059009,0.07059462773386649,0.15132610638195487,0.0,-0.2088462534898028,0.0,0.0,6.259472882376316,0.0,3.124228601814205,-5.428090450186196,-9.870939672147362,3.864511154009165,8.497520525307788,0.0,-5.704460323404459,0.0
35,0.0,2.4571881442786214,1.3650014148145484,11.365178958955058,-3.5844520909945388,2.6702661548346995,3.594566673393329,-4.04042328526768,0.0,-14.924698434362416,0.0,0.0,-0.10868779106233406,3.9576811563544534,-15.025997125253554,-2.9125092215702697,11.952233690563673,0.0,-0.9194976843310054,0.0,22.283308093233913,0.0,0.02712284030907952,0.01620591626099177,0.0,-0.02521576676954851,0.0,0.1459217471169616,0.0,0.031112165103452938,-0.10043858123300886,0.21243631626663984,0.0,0.0,-0.10868776360060117,3.957681145993419,-15.02599711861803,-2.9125092424632237,11.952233705192604,0.0,-0.9194976826684798,0.0,22.283308059315686,0.0
36,0.0,12.277608133413453,3.5968461848351563,-6.426796619655928,0.0,9.659736597126756,0.0,-9.446286770623846,-6.965057175530065,-67.75243794905373,0.0,0.0,0.9847883109181166,-1.0128083426087398,-10.987317916095119,0.0,11.216265718527874,0.0,0.8854791729759226,12.80922677368892,9.926536009173237,0.0,0.0,0.047508765136150544,0.0,-0.05026452161502881,0.023240867656326714,0.17503530643900866,0.0,-0.14339924719077857,0.15114474046900028,-0.3675529475404282,0.0,0.0,0.9847883209235686,-1.0128083570581925,-10.987317908867645,0.0,11.21626571141363,0.0,0.8854791870415823,12.809226743959767,9.926536021353938,0.0
37,0.0,10.825955530296039,0.0,2.8108528888212803,0.0,-2.3734124149224822,0.0,-25.66664824758167,-31.219048852582976,52.18569172938121,0.0,4.231862680287291,-15.480999691722808,-3.195250126893945,12.434889340009025,0.0,-0.9477910388228317,0.0,25.015176304649945,0.0,-2.6666097658821997,0.0,0.0,-0.025211638474065268,0.0,0.1458978713908099,0.0,0.004227553263014272,-0.046643332251816716,0.08927132778668856,-0.24000717851317965,0.31233192532713616,0.0,4.231862666054043,-15.480999685173469,-3.1952501443847536,12.4348893530692,0.0,-0.9477910371095133,0.0,25.015176279525207,0.0,-2.666609765929029,0.0
38,0.0,-4.2607680399513015,0.0,8.879547855203729,0.0,-11.813188817395437,0.0,-44.7838136578476,37.16064691333045,10.486223872797673,0.0,-1.1413270600584502,-10.797665045243733,0.0,11.094085299200952,0.0,0.8073316345673542,12.816263250268278,7.488854251287059,0.0,-19.094591221751966,0.0,0.0,-0.03862426553524756,0.0,0.1865626494160555,0.0,-0.1294951769465147,0.1234227249112152,-0.27414702330661456,0.2502277854977919,-0.054629656450533304,0.0,-1.141327068610054,-10.797665040803196,0.0,11.094085291990163,0.0,0.8073316513330653,12.816263215291768,7.488854261202138,0.0,-19.094591216389123,0.0
39,0.0,2.8111433827460175,0.0,-2.3736571623041325,0.0,-25.052677535672974,-32.69037174604716,52.940475240804915,0.0,1.4499500304500312,0.0,-1.6239701668241735,11.596346706686644,0.0,-0.9441719366795498,0.0,24.930231491737555,0.0,-6.246299486722551,-9.41671633781791,10.584253700815239,0.0,0.0,0.1459061972790554,0.0,0.01764797523446937,-0.0734944183457209,0.11611912464086771,-0.26688384016195776,0.2589112204988808,0.0,0.09886685949944685,0.0,-1.6239701805999651,11.596346718311935,0.0,-0.9441719350164579,0.0,24.93023146771489,0.0,-6.246299486790319,-9.41671632800003,10.584253712944891,0.0
40,0.0,8.869891250872275,0.0,-11.800148939234179,0.0,-44.76944264171845,37.191215598539216,11.201086709600228,0.0,2.064543093883442,0.0,1.289777918485413,10.450667378614199,0.0,-0.2348335886441455,14.765646442507874,6.580649420756435,0.0,-13.700809356340194,4.063389103130222,-3.3815479982430174,0.0,0.018613928629562793,0.17728053283394551,0.0,-0.14103880902687216,0.1464767078110718,-0.2972381427619908,0.2733185310118458,0.0015389429451673209,0.030456978609372243,-0.01767981626619175,0.0,1.2897779460943726,10.450667357775757,0.0,-0.23483356973488245,14.76564640395388,6.580649432247521,0.0,-13.700809354917753,4.0633891227730645,-3.381548011663482,0.0
41,0.0,-2.3679368206489304,0.0,-25.004878148658882,-32.517876479884045,52.73217707503193,0.0,2.113845859704755,0.0,-7.285941150020081,0.0,0.0,-0.9120599386269079,0.0,24.173481440332324,0.0,-6.057058930368109,-9.170099694022682,6.733176946162889,-0.9455487693878606,-5.512080176967538,0.0,0.0,0.017410418939967087,-0.07300571350832286,0.11561555281058844,-0.2663268954349096,0.25858833413274773,0.0,0.056197289949189155,0.0,-0.05820177618995892,0.0,0.0,-0.9120599370050053,0.0,24.17348141659663,0.0,-6.057058930257053,-9.170099684425681,6.733176958796139,-0.9455487798772033,-5.512080186712831,0.0
42,0.0,-12.106529784406561,0.0,-45.86349921554902,37.74364351909796,11.840756142914888,0.0,-1.8085394788043274,0.0,18.393771838157804,0.0,0.0,-0.04595436595814517,14.006057200156452,6.569668821158492,0.0,-13.16830303832106,3.6192039674481813,-3.999916196526554,0.0,5.6054133816946905,0.0,0.0,-0.1317655890849423,0.12791329067036727,-0.27869379210256895,0.25476671540580753,0.020125497640544054,0.011880408950570853,-0.01617019006898701,0.0,0.18353648478726114,0.0,0.0,-0.04595434828553735,14.006057164234598,6.569668831973408,0.0,-13.168303037798301,3.619203987788766,-3.99991621535174,0.0,5.605413398801962,0.0
43,0.0,-26.545449680010602,-29.03667179424958,50.7849779526278,0.0,2.1167819614368533,0.0,1.938251046009487,5.050194327979529,-19.399611499513902,0.0,0.0,23.882413540910886,0.0,-6.226693563044295,-8.567358579664264,6.152585393900722,-0.4489778869420591,-2.371163403455323,0.0,3.586684154320019,0.0,-0.04577580376183832,0.08839794179387184,-0.23911175143189745,0.24498268707482396,0.0,0.056205854786517406,0.0,0.037468855013989,0.0,-0.09076771617073653,0.0,0.0,23.882413517391086,0.0,-6.2266935657177225,-8.567358564305705,6.152585400509425,-0.44897789162379187,-2.3711634045300523,0.0,3.58668413566694,0.0
44,0.0,-42.30665866260894,32.7024831712567,13.248820270694628,0.0,-1.771822565879555,0.0,7.441035071077939,-4.08782882294485,-25.750567662136035,0.0,14.595821161662537,6.7758429886374705,0.0,-13.665904291792986,3.8025415011120334,-4.174203691458944,0.0,6.00919100261007,0.0,-28.464216360892625,0.0,0.0829070547312849,-0.2336724703252191,0.2097370147417621,0.048573783411276494,0.0,-0.01023144181790947,0.0,0.09039059728639387,0.0,-0.3382584074353545,0.0,14.595821121562992,6.775843000560999,0.0,-13.665904289655838,3.802541519978031,-4.174203709787139,0.0,6.009191004967374,0.0,-28.464216342510884,0.0
45,-28.561302951484137,50.43255560473487,0.0,2.112773841590876,0.0,2.0654213193366022,4.7858801214479385,-25.77994542681563,0.0,11.647814008729807,0.0,0.0,-7.937146446498378,-5.067049140639723,4.121666606148189,0.0,-2.6011203975559227,0.0,-2.082766664312319,-15.054247065456682,7.831779062229705,0.0,-0.23855097792684354,0.24471830283849805,0.0,0.05621317334880693,0.0,0.037473731547299494,0.0,-0.18782054126695868,-0.05071846161461835,0.2019718147047822,0.0,0.0,-7.937146446206733,-5.067049131732149,4.121666613895325,0.0,-2.601120400996959,0.0,-2.082766682877324,-15.05424703519973,7.831779069579148,0.0
46,33.835637563812696,13.223987483625832,0.0,-1.7963038093772532,0.0,7.721763657955316,-4.511394187485207,-16.17739946518264,0.0,27.66330049469947,0.0,0.0,-15.006477906883175,6.848616716695188,-5.6101276410497665,0.0,5.889234031439905,0.0,-23.259511010093583,6.333681707985239,12.033280902538513,0.0,0.2071735718469192,0.04985713742566844,0.0,-0.010231639683278004,0.0,0.09039234464567336,0.0,-0.2373030923811026,0.09751015045300626,0.2439730187048017,0.0,0.0,-15.006477896245629,6.8486167185966895,-5.610127650838903,0.0,5.889234033696922,0.0,-23.259510986881615,6.333681703504124,12.033280881514386,0.0
47,0.0,2.01541158753038,0.0,-0.998700625572635,10.305258390475158,-27.28903510489267,0.0,16.984958569759634,6.68917844375243,-3.5018529572875767,0.0,-4.479171682486093,3.793046133535294,0.0,-2.5546312463465837,0.0,-2.3011383347233627,-14.201650958390166,11.302447442671749,0.0,-7.314101587122179,0.0,0.0,0.056209398479545314,0.0,0.017988888246422974,0.038960861158576776,-0.18650954211936188,-0.09228374348122514,0.29435797320407353,0.0,-0.12152500633240138,0.0,-4.479171681389871,3.793046145131207,0.0,-2.554631249831507,0.0,-2.301138349204601,-14.201650937722277,11.302447442037987,0.0,-7.314101582025656,0.0
48,0.0,-1.7011439479118096,0.0,11.775646423920039,-13.602267203789609,-11.8371862071867,2.8472724440415487,20.516413920987286,0.0,-11.004320697219905,0.0,5.539417563059912,-4.951698156756468,0.0,5.827129341177462,0.0,-22.24473517803687,4.800820935965544,8.205609652433521,-2.18389641102138,-7.602834791697266,0.0,0.0,-0.010229351506341189,0.0,0.0950394026470569,-0.00933474786166677,-0.24473545202665647,0.12178086461775983,0.14330607003167906,-0.016063192533977144,-0.2365664335926887,0.0,5.539417572626504,-4.951698170252161,0.0,5.82712934358689,0.0,-22.244735160502493,4.800820940768125,8.205609626345423,-2.1838963918387133,-7.602834806507186,0.0
49,0.0,-0.6409888454890655,9.641275253214676,-27.025869923233525,0.0,17.38577488145254,6.005826622925969,-6.415188305989261,0.0,5.249723000226636,0.0,0.0,-2.5575428939744405,0.0,-1.8226388015501693,-15.258467648623842,11.874602353774044,0.0,-8.738615401510152,0.0,4.432807273547468,0.0,0.0,0.018896155568004502,0.037160301860694744,-0.18654517582996633,-0.09048905975301835,0.29350540387116375,0.0,-0.19552618248974696,0.0,-0.035320260524684954,0.0,0.0,-2.5575428975659564,0.0,-1.8226388160808016,-15.258467628589134,11.874602353612351,0.0,-8.738615403713323,0.0,4.432807261014959,0.0
50,0.0,11.555298219646426,-12.980258572902459,-11.959714491327533,1.9402610631586548,21.271861573729645,0.0,-6.7272171738582465,0.0,9.741556087807313,0.0,0.0,5.775258234886205,0.0,-22.92406645401105,6.490446207818112,8.05887551576644,-3.7461715732677647,-3.726254029443621,0.0,7.369552032979465,0.0,0.0,0.10130645818660078,-0.021878980161416095,-0.24473843314245514,0.13434307234887477,0.1432898279203343,-0.028606124867369687,-0.21092575708356875,0.0,0.11920410032293383,0.0,0.0,5.775258237210812,0.0,-22.92406643865754,6.490446216842094,8.058875489886553,-3.746171558395983,-3.726254044957722,0.0,7.369552027578208,0.0
51,9.853677231108815,-27.532964493140177,0.0,17.680487933958045,6.162017386594432,-6.549032508986663,0.0,8.155426455675707,0.0,3.8806117273385343,0.0,0.0,-1.849180182458099,-14.927292806347147,11.6404986606908,0.0,-8.61178865258736,0.0,6.575852308871088,0.0,-3.045707572723677,0.0,0.03406452309810959,-0.1865391934811278,-0.08738413420359414,0.29194044465157276,0.0,-0.1955168862749268,0.0,0.014623896007304182,0.0,-0.03177230761677308,0.0,0.0,-1.8491801961282084,-14.92729278786551,11.640498661193167,0.0,-8.61178865468164,0.0,6.575852295301354,0.0,-3.045707571599454,0.0
52,-13.04225977927711,-11.973158829836938,2.004387038066957,21.25743272091438,0.0,-6.73205589771344,0.0,10.31497850771732,0.0,-12.481844164569678,0.0,0.0,-23.046336783447174,6.22182948366683,8.182504088670651,-3.465578435626504,-3.946094739859096,0.0,4.812922289543076,0.0,-14.154690656006274,0.0,-0.019666382031591212,-0.24483572452647095,0.13217228205464338,0.1433499286934481,-0.026396441331133502,-0.21212276687228027,0.0,0.07840295149046383,0.0,-0.2147256886959159,0.0,0.0,-23.046336769965258,6.221829494535269,8.182504062847551,-3.4655784219110197,-3.946094755242413,0.0,4.812922285651844,0.0,-14.154690668356263,0.0
53,0.0,16.941643071336276,7.399669662130437,-7.13155954098883,0.0,8.120675504485853,0.0,-1.1712693024558352,-2.6250136669542457,-14.055976532789005,0.0,-15.648908906595704,12.119617789596148,0.0,-8.817277463750795,0.0,6.73438319874834,0.0,-8.60490594147657,0.0,-11.601239881488857,0.0,-0.10046944428285798,0.2985068733358798,0.0,-0.19374174180746273,-0.0035829212961857593,0.01641659299127518,0.0,-0.10403107611565154,-0.029231364571424834,0.017004128596687096,0.0,-15.648908890463598,12.11961779151407,0.0,-8.817277465748807,0.0,6.734383184751214,0.0,-8.60490594645993,0.0,-11.6012398630565,0.0
54,7.687303328395068,18.90973143464505,-0.7090011226151383,-6.396774187577536,0.0,10.344854919866808,0.0,-16.720309901171504,0.0,6.640135222310084,0.0,5.8358534564819875,8.057045273873776,-3.15898913952507,-4.00701243430901,0.0,4.732347055489439,0.0,-16.743058576979454,0.0,2.4764341918294908,0.0,0.14687867654217257,0.14332962630874135,-0.04108120867787335,-0.2047637776946054,0.0,0.07839760050312172,0.0,-0.17002644754695595,0.0,-0.05177950036738821,0.0,5.83585346863289,8.057045248012162,-3.1589891274515614,-4.007012448440417,0.0,4.7323470514315735,0.0,-16.743058576067817,0.0,2.4764342198777767,0.0
55,7.409960428493401,-7.016400655250976,0.0,7.848096115797887,0.0,-1.0076888174004317,-2.792793970070795,-7.956868676346884,0.0,-1.3561079505388207,0.0,1.9000643839991227,-9.723039428798785,0.0,6.703705209736766,0.0,-6.231070119842164,-4.724323901931049,-6.413469766994339,0.0,17.811449218646725,0.0,0.02314761127228948,-0.19325999674348893,-0.027735516984339625,0.02849536892703952,0.0,-0.09195580006950976,-0.05341179121316486,-0.019110009145517637,0.0,0.07083599032280397,0.0,1.9000643592729238,-9.723039418297152,0.0,6.703705195611942,0.0,-6.23107011907249,-4.724323913154915,-6.413469734829813,0.0,17.811449195614102,0.0
56,-2.8578758623687417,-6.302987475669619,2.2873873507946563,8.96676087562831,0.0,-15.433760914670325,-1.7769737761382132,4.231562991997517,-0.2193462875993646,3.6971632622093686,0.0,-2.920276338150285,-4.085323535212471,0.0,4.6959670409677745,0.0,-16.606301238684484,0.0,7.068271045144037,6.240539255642574,0.8862099557071512,0.0,-0.08719936371477388,-0.18167156125104,0.0,0.07838863609976876,0.0,-0.17000699689830867,0.0,0.0013758418197173938,0.012797145797094345,0.0790537025457283,0.0,-2.920276336252625,-4.085323544408448,0.0,4.69596703718953,0.0,-16.606301238711584,0.0,7.068271064412457,6.240539242074017,0.886209967630669,0.0
57,0.0,7.998711524529334,0.0,0.02717127729652269,-4.99473828138246,-8.108177350630541,2.1645564751365143,1.110955695087279,0.0,16.974605372645748,0.0,0.0,6.6369745884558125,0.0,-5.70873195501761,-5.6200369023213685,-5.8576407282865395,0.0,16.008181134723266,0.0,-8.331343303162386,0.0,-0.04988588568202168,0.03867913823700775,0.0017713315646261663,-0.0817011878245566,-0.07557133045774655,-0.008001903191523496,0.0,0.08376179333717815,0.0,-0.031640058064263954,0.0,0.0,6.636974574408994,0.0,-5.708731956180979,-5.620036909338921,-5.857640698459554,0.0,16.00818112112725,0.0,-8.331343304149907,0.0
58,0.65285528967296,9.845587004982281,0.0,-16.414426035698693,-0.03309397047535079,3.269856198607135,0.0,7.4542700808719164,6.148160221907384,-2.064703188227268,0.0,0.0,4.657176823955888,0.0,-16.460634656345373,0.0,6.500067218556271,7.1608961069095205,-2.85538217941369,0.0,-0.2466129967655606,0.0,0.0,0.08394484689961956,-0.011192050805108877,-0.17367805554577842,0.018705703637333926,-0.02579371681550313,0.048418106236880476,0.038904191417943323,0.0,-0.022493859585015485,0.0,0.0,4.657176820129916,0.0,-16.460634656073058,0.0,6.500067239786733,7.160896089041735,-2.8553821708326987,0.0,-0.24661297986350306,0.0
59,0.0,0.04607615276963628,-5.220172410530921,-8.437750373692365,2.295401344685466,1.1364401041074945,0.0,14.768248110457938,0.0,13.16760746325465,0.0,0.0,-5.800768945343759,-5.459597029707053,-5.955794023297178,0.0,16.03605143575425,0.0,-6.754377404290491,0.0,5.620288873706869,0.0,0.011750783614594695,-0.08170581368651675,-0.08557049615491863,0.001077677993910342,-0.008165902868517705,0.08785375933837436,0.0,-0.031738639984002504,0.0,0.1445432038618577,0.0,0.0,-5.800768947012003,-5.459597035833186,-5.955793993956338,0.0,16.0360514222619,0.0,-6.754377393857225,0.0,5.620288872877732,0.0
60,0.0,-16.795986543511,0.0,3.330530248217478,0.0,8.594493664093417,4.382177136761367,3.341351524916858,7.251827660314358,-7.901461514853914,0.0,0.0,-16.512427211692838,0.0,6.428920554956575,7.361747665788565,-2.950132315006193,0.0,1.7875525854626373,0.0,1.7387692584483472,0.0,0.0,-0.1721517169822384,0.004418984688170369,-0.01150737872968044,0.03413621597831984,0.04605155952539519,0.0,0.019916743004211312,0.059855958558507893,-0.1733946460153124,0.0,0.0,-16.51242721199697,0.0,6.428920576168329,7.361747648753325,-2.950132306812825,0.0,1.7875525965006078,0.0,1.7387692636680718,0.0
61,-4.008990149240299,-8.213275046443602,1.0238781852936363,1.7185950727873767,0.0,14.479719665256763,0.0,9.137604357525131,-4.00885231789645,-14.535794578185968,0.0,-6.043107134938753,-5.838404833331234,0.0,16.35997705029991,0.0,-6.884386777603191,0.0,5.598191044648704,0.0,9.965472485124083,0.0,-0.08114733378801198,-0.003328708045513551,-0.0037577965175117356,0.08563116231163903,0.0,-0.0317316408942947,0.0,0.09828332315411359,-0.12318115782932182,0.12524603287142888,0.0,-6.043107138886561,-5.838404804987785,0.0,16.35997703728109,0.0,-6.884386767270434,0.0,5.598191049630863,0.0,9.965472478593341,0.0
62,0.0,3.332623637175036,0.0,9.261563557767216,3.0849174772914267,4.593748065433356,6.069202028681531,-12.405819190534828,0.0,6.4101874920372115,0.0,0.0,6.751686691275049,7.1547790800608695,-2.837123122002616,0.0,1.8229095493979663,0.0,5.5517660760587955,2.7170966124557383,0.9330626578330392,0.0,0.011679269038955553,-0.018767753259041342,0.041395235655850016,0.04242124722866336,0.0,0.016289308561878713,0.06710617743577174,-0.13820218123492545,0.09401290479358337,0.08618004509797217,0.0,0.0,6.751686713429295,7.154779062228056,-2.8371231134000086,0.0,1.822909560695285,0.0,5.55176607572434,2.717096611724057,0.9330626528259112,0.0
63,0.9612992097821405,1.749254379161691,0.0,14.476879796060249,0.0,9.111931450474486,-3.9590308349664483,-9.967607925300559,2.8908065115917037,-5.945297748846068,0.0,2.0802753207775915,15.499983371440319,-0.4530682076779424,-6.708713216138751,0.143523076310903,5.509539867847623,0.0,8.636575480705243,0.0,-5.259569376124896,0.0,-0.005719985305718822,0.08661806492953339,0.0,-0.031733832108038484,0.0,0.09926959414507941,-0.1251498519364347,0.1499442503030135,0.0,-0.0652212985045697,0.0,2.080275333208048,15.49998334095557,-0.45306818562400597,-6.708713226950325,0.1435230967038459,5.509539862510282,0.0,8.636575474146957,0.0,-5.259569378204931,0.0
64,0.0,9.284127390277552,2.603847149473637,4.913611878423918,5.576483414183109,-11.991726085889498,0.0,1.4039336413026238,0.0,-7.439832022688719,0.0,7.274341825400454,-2.8973236361833687,0.0,1.8160553843442506,0.0,5.463910916572246,2.8412550184651386,-1.0755790886733063,0.0,-20.34770094528048,0.0,0.01955289218664724,0.05333253036936547,0.0,0.02719639994657186,0.04528514217532198,-0.11636412549083097,0.07217578316982554,0.05262412996627219,0.0,-0.1483153522300995,0.0,7.274341802958295,-2.897323625382464,0.0,1.8160553955535175,0.0,5.463910918185744,2.8412550135735737,-1.0755790928389297,0.0,-20.347700952034486,0.0
65,0.0,14.489461495547795,0.0,9.457183965673055,-4.653333673268989,-10.012761841030704,3.66108147646953,-7.497039775978909,0.0,-7.793965914869849,0.0,0.0,-6.707701182174997,0.0,5.453621182833301,0.0,8.452275011540223,0.0,-8.317969733740727,-11.221607249139087,8.186763321283797,0.0,0.0,-0.031730402750618225,0.0,0.09884876923780261,-0.1243156167868964,0.14951743911209014,0.0,-0.11091033731998046,-0.012412529612282341,0.0014068812779655104,0.0,0.0,-6.707701171988978,0.0,5.453621187600577,0.0,8.452275005158704,0.0,-8.317969738727559,-11.221607247315625,8.18676334250885,0.0
66,2.696674427993706,5.053128909517346,5.746828830847495,-12.35398020596743,0.0,1.4481226540060899,0.0,-10.97255282293954,0.0,-12.969408775487068,0.0,0.0,1.7851582196631743,0.0,4.990922788438567,3.551083256632259,-1.4300908513388388,0.0,-16.2367346041262,4.630097499836394,5.472299602848707,0.0,0.0,0.024813337799711732,0.050076244644303713,-0.12117555928732315,0.07697669722968037,0.05024780920792615,0.0,-0.12477783871158721,0.0,-0.12705589374548687,0.0,0.0,1.7851582306186664,0.0,4.990922795548602,3.5510832405444726,-1.4300908499216503,0.0,-16.23673460707762,4.6300975197473,5.4722995714007405,0.0
67,0.0,9.943653941655972,-5.097991194960683,-10.420548504608407,4.1167993513846035,-7.9573960516272635,0.0,-12.918261683022658,-0.10346283854913985,-10.719812702444953,0.0,0.0,5.493640633152774,0.0,8.510114767159182,0.0,-8.529515326760883,-10.978742606856873,9.095764447869403,0.0,8.838205563663115,0.0,0.0,0.09783606803117628,-0.12227469827537085,0.14851330132095164,0.0,-0.11196464093430336,-0.010349270431264657,-0.046389989452100266,-0.05702239777320983,0.17999637193257811,0.0,0.0,5.49364063804938,0.0,8.51011476087069,0.0,-8.52951532961772,-10.97874261009979,9.095764454985321,0.0,8.838205562793888,0.0
68,7.5359813194355585,-13.143420130530536,-0.9817370430857064,2.460792793126343,-0.9119085197130783,-11.038965102591325,0.0,-16.538742441585796,0.0,-10.593061154321104,0.0,0.0,4.448501134141624,4.636309521127224,-1.961069286221373,0.0,-16.89976009090245,5.8756075720140295,7.609112232705684,2.4611305654671845,0.25996575974479574,0.0,0.036623611710506765,-0.10769665141934226,0.06350817554143795,0.056952890516104304,0.0,-0.12474012327441386,0.0,-0.07291891654022109,0.11867791323059151,-0.029909052962429072,0.0,0.0,4.448501141136907,4.636309504914293,-1.9610692848074374,0.0,-16.89976009337513,5.87560759180461,7.609112203715251,2.4611305760382063,0.25996575184563664,0.0
69,-5.16770093593264,-10.492795799180898,4.187785361268803,-8.034478223906527,0.0,-12.994245650742053,-0.1556155040994156,-14.490278524396283,0.0,36.77582188783104,0.0,0.0,8.449212312976107,0.0,-8.244518964283875,-11.366423743730314,9.273684077053701,0.0,7.615664844870295,0.0,-1.306029111470175,0.0,-0.1277125740267504,0.15123248603670092,0.0,-0.1092421930669829,-0.01579062604606385,-0.040946145541598256,-0.06246733533559201,0.1407644265587482,0.0,0.03921426471307221,0.0,0.0,8.449212306501973,0.0,-8.244518964937964,-11.366423750751808,9.273684086025003,0.0,7.6156648387796455,0.0,-1.3060291321389084,0.0
70,0.0,1.454461316497424,0.0,-11.02295992563147,0.0,-15.76029095170881,0.0,0.3329120445706213,21.12512985049637,10.924096818682871,0.0,4.326954974587394,-1.8105378239495429,0.0,-16.68530192045995,5.518293652534001,7.913494362410612,2.150710145789525,0.34322420533439146,0.0,-2.432979377299782,0.0,0.06696585418048961,0.05522538795399434,0.0,-0.12474121029710794,0.0,-0.07465001436051111,0.1221377893538822,0.008958927361391034,0.0,0.05071851743045919,0.0,4.3269549565770005,-1.8105378216303647,0.0,-16.685301921831485,5.518293670181573,7.9134943354580045,2.1507101544325335,0.3432241906125899,0.0,-2.432979366794852,0.0
71,5.603867519128958,-8.681266640139818,0.0,-12.020698868054547,-1.899885956056524,-13.478298890418339,0.0,38.14895982144058,0.0,1.745352144363732,0.0,0.0,-8.172796048081487,-11.498159298787114,9.340792462276537,0.0,7.610366770103461,0.0,-2.4810689485182946,0.0,-3.4475806204458226,0.0,0.0,-0.1004021209982664,-0.03349188255628022,-0.023244455307303014,-0.08018655127801644,0.15642798265700364,-0.013584322104298607,0.051080036969342046,0.0,0.03799422961514587,0.0,0.0,-8.17279604852661,-11.49815930685396,9.34079247187347,0.0,7.610366764173615,0.0,-2.4810689601983738,0.0,-3.4475806084527383,0.0
72,0.0,-10.9895701703568,0.0,-15.70570551141266,0.0,-0.16360743274144163,21.948801723136047,10.53847150108207,0.0,-11.451915194616236,0.0,0.0,-16.93897088016536,5.914103914127688,7.591949597195025,2.4908014311765037,0.17997256449405752,0.0,-3.567722560778841,0.0,-6.184109113772884,0.0,0.0,-0.12476103150156348,0.0,-0.07939657332101113,0.13162057833540075,0.004231669706022956,0.0,0.06718976862227777,0.0,-0.17278332214689662,0.0,0.0,-16.93897087941554,5.914103927855874,7.591949573768475,2.4908014363751896,0.17997255143646917,0.0,-3.5677225488043307,0.0,-6.1841091147114335,0.0
73,0.0,-11.01577827540261,-3.676678160768043,-12.248201825964067,-0.33021703760369725,37.925939762924884,0.0,-0.6706905154834075,-6.668448239319114,2.625392105100932,0.0,-11.408275678766843,9.264699508730057,0.0,7.550259639703705,0.0,-2.461969690147059,0.0,-5.881654591810593,0.0,-0.815072990522947,0.0,-0.03106318362942062,-0.025661297913703862,-0.07774557664319559,0.15397107723158499,-0.011160737715343316,0.049858384990519866,0.0,0.001633885893381759,-0.11644591579913488,0.02829976428002645,0.0,-11.40827568674867,9.264699518160867,0.0,7.550259633663048,0.0,-2.461969701685418,0.0,-5.881654581030116,0.0,-0.8150729890785691,0.0
74,0.0,-15.980736403635198,0.0,-0.9197839334727842,23.673579065296213,10.091864421789865,0.0,-8.963403960032457,0.0,10.499019412097432,0.0,6.693077930677804,6.888362630758927,3.176773669394928,-0.15573194083525754,0.0,-3.5738847809777874,0.0,-5.325301683563255,0.0,-4.630143512830132,0.0,0.0,-0.09084212689480786,0.15449960428814968,-0.011682459125683664,0.008943288530449678,0.06270762417353026,0.0,-0.14039569967101428,0.0,0.08511459565196944,0.0,6.693077944615,6.888362607657106,3.176773674719713,-0.15573195390747863,0.0,-3.573884769126101,0.0,-5.325301683362027,0.0,-4.630143540978904,0.0
75,-1.5131796074706827,-13.621595772193995,0.0,38.02689734863698,0.0,-1.548702647991762,-4.908184350914002,5.109611093178135,1.3515058573192018,-8.396051458720288,0.0,0.0,7.92008044337199,0.0,-2.579357489231615,0.0,-4.914364042768593,-2.5367121939873782,-0.9534244162423211,-2.8978539677649517,-16.97414467048583,0.0,-0.06229352210431749,0.14067378237490047,0.0,0.044282567372055937,0.0,-0.006084396101790901,-0.10101299023901333,0.04696337812308826,0.0,-0.0949154659842133,0.0,0.0,7.920080436883947,0.0,-2.5793575012829972,0.0,-4.914364028332652,-2.53671220011793,-0.9534244097126665,-2.897854001598965,-16.9741446253715,0.0
76,0.0,-0.32753547543267203,22.370629623187277,10.460408826035161,0.0,-8.880777549325858,0.0,4.854658386662969,0.0,-2.7342410573274023,0.0,1.8546763141080502,0.5191700515999265,0.0,-3.6302921377696418,0.0,-5.413245519715371,0.0,-8.20446561758985,-7.777508421383605,11.539829935873769,0.0,0.12306969451185701,0.008494652934576408,0.0,0.06718043221796144,0.0,-0.14039834172594468,0.0,0.0332860715589689,-0.01759454678595951,-0.0255936421217573,0.0,1.8546763376334319,0.5191700293506019,0.0,-3.6302921257803655,0.0,-5.413245519582621,0.0,-8.20446564287991,-7.777508388474108,11.53982991171867,0.0
77,0.0,38.80663282624206,0.0,-1.4105927795959428,-5.331345207096216,5.207642280677538,1.7003382018571322,-7.0622924138944665,0.0,18.80648686711921,0.0,0.0,-2.5508934211334044,0.0,-6.1035145125801,0.0,-3.623875824503253,0.0,-14.224245368628697,8.121204667723125,-1.4526077505499502,0.0,-0.0014837948290935543,0.04502583237266933,0.0,-0.003203022356501606,-0.10678222258291292,0.0498493831832203,0.0,-0.08178032236654253,0.0,0.1976388231818671,0.0,0.0,-2.5508934331602617,0.0,-6.103514501572915,0.0,-3.623875837757806,0.0,-14.224245346046382,8.121204644478563,-1.4526077442316154,0.0
78,21.412943483355782,10.386990805341245,0.0,-8.68196618948227,0.0,4.743842916553431,0.0,4.219883352621645,3.1235774971589247,-2.143910529314841,0.0,0.0,-3.6711833819944806,0.0,-5.4770778713671975,0.0,-7.473632991311718,-9.629430407605334,10.141116272862904,0.0,-7.992164366898125,0.0,0.0,0.0671811065007244,0.0,-0.14039975140507366,0.0,0.03909033587969901,-0.02920394162697626,0.026260655703103097,0.09245599156191275,-0.14637308718192799,0.0,0.0,-3.67118337000627,0.0,-5.477077871441582,0.0,-7.47363301353845,-9.62943038214985,10.141116256964878,0.0,-7.992164390191658,0.0
79,0.0,-1.7139146554599805,-4.41920167044203,5.00327298964609,0.943372408931964,-6.464672828137363,0.0,15.076343853457841,-2.2027575291535317,-33.29325728347543,0.0,0.0,-6.175176274638094,0.0,-3.6685660538952503,0.0,-14.314524823829167,8.038485607842926,-4.098146039048989,0.0,-10.291843050373634,0.0,0.0,-0.01286277158829563,-0.08747266027211431,0.04018930620599548,0.0,-0.08179429041850206,0.0,0.14682128347409673,-0.09062907424191025,-0.1483263928359957,0.0,0.0,-6.175176263428361,0.0,-3.6685660672681086,0.0,-14.314524799861573,8.038485582448374,-4.098146045235551,0.0,-10.291843033604287,0.0
80,0.0,-8.988498576058923,0.0,4.9147417411052,0.0,4.243590400335906,3.46584186414689,-9.261411690949783,-14.818686044639495,-15.881765890533295,0.0,0.0,-5.423463488325931,0.0,-7.3397545512758455,-9.637385267007259,10.087675284641861,0.0,-10.804070854452618,-1.4000147036402955,18.64833415351067,0.0,0.0,-0.14045279606205163,0.0,0.033974131693392806,-0.01895178349080595,0.026269233915865442,0.08223366221025152,-0.18999870897955518,0.0,-0.07277870891182481,0.0,0.0,-5.423463488402924,0.0,-7.33975457405156,-9.637385240173057,10.087675268046148,0.0,-10.804070870797622,-1.4000146882027664,18.648334162577385,0.0
81,-4.939619187821531,5.3878671814391765,1.1903339070240104,-7.042468677627012,0.0,16.24784027822246,-2.5144755872430924,-39.767169398824805,0.0,-23.48691622838741,0.0,0.0,-3.5618502052711665,0.0,-12.020849794280153,4.2043200832054595,-2.234496157159227,0.0,-3.9979404193881685,10.402556728638867,-13.33468317972686,0.0,-0.09001310825604847,0.041459661305198736,0.0,-0.08180424150148191,0.0,0.1481032596897247,-0.09316949532922614,-0.15910731791120014,0.0,-0.012029598098628469,0.0,0.0,-3.5618502181753,0.0,-12.020849767104469,4.20432005086584,-2.2344961590977874,0.0,-3.99794040149577,10.402556725268418,-13.334683160553308,0.0
82,0.0,5.020145456489056,0.0,4.475927743855612,3.24791533346378,-9.463120929859148,-14.824467405269548,-25.250661113155502,0.0,18.193381937375985,0.0,0.0,-8.139534528948488,-7.442169785466735,8.832199941193897,0.0,-11.24588258185314,0.0,14.191087441406737,-10.96224883581659,-0.8962259907901116,0.0,0.0,0.03420152649762365,-0.019412847848387926,0.026265954905735356,0.08268641840496471,-0.1902060599709543,0.0,-0.07276944368164173,0.0,0.01930404966152821,0.0,0.0,-8.139534553238303,-7.4421697540205,8.83219992211628,0.0,-11.245882589654821,0.0,14.191087461355423,-10.962248828973253,-0.8962259789532911,0.0
83,0.0,-6.35274584743204,0.0,14.941297732681935,-0.31571939128323123,-40.202008719119455,0.0,-15.080339969448975,14.583268098699165,-2.687705389044215,0.0,0.0,-12.120434344405895,4.829834074805362,-2.5365823929265896,0.0,-4.279952227646144,10.879062724938803,-11.87214244090412,0.0,4.964193886160306,0.0,0.0,-0.08180501041556987,0.0,0.15735338529903053,-0.11167731626708921,-0.14985060266670125,0.0,-0.002376114932323148,0.0,-0.00965359640874297,0.0,0.0,-12.120434316587447,4.829834041465508,-2.5365823940071808,0.0,-4.279952209195659,10.879062719719457,-11.87214241804444,0.0,4.964193856372656,0.0
84,0.0,4.514180944764723,4.217995996285273,-10.25106987593083,-17.126933232917587,-27.954129761825186,0.0,15.762779154802375,0.0,-67.72524440206315,0.0,-7.510291510203714,9.141831049539073,0.0,-11.878372015625239,0.0,14.817327711248174,-11.21998612301387,0.7650011819194003,0.0,28.911639729415338,0.0,-0.022851166902571052,0.026268319629929593,0.08612735392881099,-0.19193664826784307,0.0,-0.07277475147460244,0.0,0.009653194912218055,0.0,-0.009653194912218055,0.0,-7.510291485466958,9.141831033856773,0.0,-11.87837202406492,0.0,14.817327736362307,-11.219986124057325,0.765001181075875,0.0,28.91163972296318,0.0
85,0.0,15.842315196881263,0.0,-43.70188803814177,0.0,-12.049452685851536,7.31346712337313,-11.185672533514257,-31.50043734393804,-19.518731280864365,0.0,2.9505627343263674,-1.6252769723342775,0.0,-3.425324497754778,9.417193992263018,-11.626853283363614,0.0,11.611523970601755,15.561614383836686,3.5020968554911436,0.0,0.0,0.16018708982410423,-0.11736604184222621,-0.14698630736460494,0.0,-0.002375903283402536,0.0,-0.00965273647715037,0.0,0.0,0.0,2.950562698158299,-1.6252769730267014,0.0,-3.42532447781152,9.417193986226891,-11.62685325884616,0.0,11.61152394199112,15.561614387813227,3.502096855086423,0.0
86,4.210679357281766,-10.21162654805563,-17.0619627323509,-27.795832399086162,0.0,15.671319761692803,0.0,-66.99229633243063,0.0,30.870904204463613,0.0,0.0,-12.180566195163856,0.0,15.551377119454212,-12.26693736174807,1.193183279464155,0.0,28.745669498399394,0.0,0.0815608617767749,0.0,0.09976781323119965,-0.1924857193730034,-0.012510473554794288,-0.06651298306401543,0.0,0.009652354210176739,0.0,-0.009652354210176739,0.0,0.07815526051269117,0.0,0.0,-12.180566203796506,0.0,15.551377142842092,-12.266937357847008,1.1931832759991101,0.0,28.745669490313432,0.0,0.08156086310671107,0.0
87,0.0,-42.1821104771884,0.0,-10.605910328934698,5.230095866437345,-10.755125770076868,-27.485565953188605,-3.559902161493289,0.0,26.331578065340764,0.0,0.0,-3.2893414358774797,9.154075060515066,-11.49268292580794,0.0,11.717400852792071,15.322388739218184,4.042634990000082,0.0,-14.702702760571395,0.0,-0.10904957333117693,-0.15113868663649832,0.0,-0.0023758083652403172,0.0,-0.00965235082377447,0.0,0.039085251851478375,0.0,-0.039085251851478375,0.0,0.0,-3.289341415442437,9.154075053522215,-11.492682900940121,0.0,11.717400824868317,15.322388742386629,4.04263499137405,0.0,-14.702702749889408,0.0
88,-18.92491139299688,-23.060657407602704,-1.2085097981722193,14.81705219802758,0.0,-59.044147371137036,0.0,32.61789683068215,0.0,16.469453461029417,0.0,0.0,15.063212910466845,-10.92720822207478,0.4099645461982271,0.0,29.117715984540638,0.0,-3.5201184567016486,-8.050550463293217,15.618562710796901,0.0,-0.05729602636819209,-0.044079526777274225,0.0,0.009647475058915944,0.0,-0.009647475058915944,0.0,0.05808578163279954,-0.03804415900723335,-0.02004162262556619,0.0,0.0,15.06321293366888,-10.927208217342809,0.40996454237791635,0.0,29.117715975918102,0.0,-3.5201184499175087,-8.050550465535732,15.61856270242663,0.0
89,0.0,-9.24453719615781,4.644807724244071,-9.227250096100859,-23.07363002504168,-2.7950134200618315,0.0,26.90305201422918,0.0,-24.793149790004733,0.0,10.756259829427306,-12.831659779308458,0.0,12.241786618717821,17.154460159418427,3.9436860200633084,0.0,-9.884633071415461,9.419533593753403,17.982692036574022,0.0,0.0,-0.0023743705142020843,0.0,-0.009646508821825606,0.0,0.01601731090059566,0.046083267668750594,-0.062100578569346254,0.0,0.0422280451775503,0.0,10.756259830282321,-12.831659756100166,0.0,12.241786583905402,17.15446017010396,3.943686017920056,0.0,-9.884633061039594,9.419533579787087,17.982692038528402,0.0
90,-5.25706873041103,15.914733140723802,0.0,-54.08881079534646,0.0,29.553889068867,0.0,9.231862925153855,-16.276220492770666,3.295807546169449,0.0,-6.9296813183119195,-1.7060337969909078,0.0,29.25749386267475,0.0,-5.197160142891666,-4.65266058647007,18.738115110917807,3.4719026645844475,-9.115520212710637,0.0,0.0,0.009646288173037476,0.0,-0.009646288173037476,0.0,0.06014438042378778,-0.04217179504291124,0.0,0.00628626769518803,0.0069909322017558395,0.0,-6.929681308060265,-1.706033803394269,0.0,29.257493852861117,0.0,-5.197160138104007,-4.652660583997359,18.73811509694128,3.4719026725659408,-9.115520212742156,0.0
91,4.68876360992434,-8.914479169648226,-22.416611514863007,-2.544043669753693,0.0,25.85624151110819,0.0,-18.53543692422157,0.0,16.82848650690305,0.0,0.0,13.698643115452363,13.10548347264653,5.464035278293,0.0,-7.904012087088985,5.876406697881221,13.457667143007068,-1.739424602056372,-28.974694154053427,0.0,0.0,-0.009646495610349248,0.0,0.014933229174385332,0.048250812959071965,-0.0631840421334573,0.0,0.03673937291539531,0.0,-0.03673937291539531,0.0,0.0,13.698643081835794,13.105483483223622,5.464035275988599,0.0,-7.904012077363198,5.876406684783531,13.457667145439833,-1.739424600792172,-28.974694152083558,0.0
92,0.0,-54.24049199161618,0.0,29.646816010495726,0.0,8.884733359664043,-15.513858368848688,9.236649550233844,0.0,-17.36824710478464,0.0,0.0,28.52822925880768,0.0,-5.756994446123864,-3.1689768268678753,18.21501957048256,2.252660937303941,-14.020792206935639,-10.188991531114432,8.490047753180708,0.0,0.0,-0.009646148646202946,0.0,0.05986874179582102,-0.0416215323215674,-4.440892098500626e-14,0.005736425220348451,-0.008357747383369585,0.0,-0.01562588731118808,0.0,0.0,28.528229249526007,0.0,-5.756994443004548,-3.1689768214230973,18.21501955677116,2.252660942481488,-14.020792203995992,-10.188991534128666,8.490047754666419,0.0
93,-23.541346783964112,-1.5707970618912714,0.0,25.26598926945951,0.0,-18.12769326747876,0.0,6.1789050842461,0.0,10.276372583183768,0.0,13.098767965500235,5.7214490497853205,0.0,-7.923982598946755,5.7162985699877655,13.735695169703,-1.5275300146468052,-21.778875052536772,0.5079276443171521,-34.629251377387774,0.0,0.0,0.015102130656963197,0.04791370985293142,-0.06301584050989462,0.0,0.03673966393256123,0.0,-0.03673966393256123,0.0,0.0,0.0,13.098767976310244,5.721449047637317,0.0,-7.923982589036327,5.7162985564841895,13.735695172416463,-1.5275300131859737,-21.77887505202627,0.5079276455826287,-34.62925136365194,0.0
94,0.0,29.602244014224553,0.0,7.871681341599723,-13.334515859955731,8.06703399535662,0.0,-8.169244552624777,6.231712025226388,25.954307405795383,0.0,0.0,-7.414771741831261,0.0,17.94810808409005,0.0,-14.918159766102356,-6.394777307577271,-1.6537627932556531,-21.273799239495716,5.55668809248443,0.0,0.0,0.05973046959977246,-0.041344880928262384,0.0,0.005459701397292349,-0.008219392831421146,0.0,-0.01562589723738128,0.0,0.021702149303814977,0.0,0.0,-7.414771736181547,0.0,17.948108076170133,0.0,-14.918159761439998,-6.394777309760746,-1.6537627909835706,-21.273799230834456,5.556688072060756,0.0
95,6.830081081718342,26.28786671186174,0.0,-21.134615705415616,0.0,11.508842497490868,-8.652649827097614,23.50504247648435,5.924597214835536,27.012961288569805,0.0,0.0,-9.128883990380288,8.026318868328207,13.619760496787892,-3.4900126674260235,-22.066019513495473,2.95909463001619,-27.282266197741283,0.8302493950749945,3.9869052757361025,0.0,0.048171093974280765,-0.06314370523847757,0.0,0.036738914851497384,0.0,-0.036738914851497384,0.0,0.010851911490394883,0.0,0.010553875936913926,0.0,0.0,-9.12888398290297,8.02631885941858,13.619760499520673,-3.4900126698725886,-22.066019514016368,2.959094636112325,-27.282266192568216,0.8302493790570464,3.986905283686104,0.0
96,0.0,6.752087692976971,-10.953197275278193,6.80323869489543,0.0,-6.904085762181689,3.7709703350678137,34.14950263808101,6.333056363744438,-33.502468490164496,0.0,0.0,18.122431138348595,0.0,-15.01297398605107,-6.561671217310505,-1.5691763755656618,-21.655246609595952,3.8000600847813315,0.0,1.9238087232945789,0.0,-0.041359768696835886,0.0,0.00547459536783812,-0.008226839073000036,0.0,-0.015625895699722392,0.0,0.021553721665368286,0.0,-0.021553721665368286,0.0,0.0,18.12243113023433,0.0,-15.012973981693168,-6.561671218557463,-1.5691763742079923,-21.655246599551358,3.8000600687219777,0.0,1.9238087287587025,0.0
97,0.0,-18.897560950087033,0.0,6.457820908885248,0.0,19.909930908079552,0.0,19.554994930472436,-20.043938634306624,-6.408610712884233,0.0,8.150545427927636,13.64585803504228,-3.5856365251410005,-22.133860903626477,3.077207177620511,-27.494799058318037,0.9748449017440375,5.927998957550706,0.0,-3.129693667562167,0.0,0.0,0.03673787548907903,0.0,-0.03673787548907903,0.0,0.0065537911299262674,0.008595441925240976,-0.00029686909597259614,-0.00829857282926838,-0.0065537911299262674,0.0,8.150545418664734,13.6458580377127,-3.5856365273422064,-22.133860903973137,3.077207183422259,-27.49479905255665,0.9748448852852754,5.927998965643799,0.0,-3.1296936597827063,0.0
98,-10.971202081078735,6.809587252524363,0.0,-6.910172474725007,3.809673656106627,34.02878171003376,6.354397968340475,-31.180554681645447,0.0,8.811348067188263,0.0,0.0,-15.131538123551424,-6.709913694726055,-1.5115712667647885,-22.032168045019436,3.903667590528015,0.0,-0.5327787677545548,0.0,-1.5062086016826792,0.0,0.020855833194310947,-0.010978995147148396,-0.00987683804716255,-0.010688324025265317,0.0,0.021555058623423662,0.0,-0.021555058623423662,0.0,0.058956762591400036,0.0,0.0,-15.131538118826748,-6.709913695406167,-1.5115712656879055,-22.03216803348551,3.90366757382401,0.0,-0.5327787584395116,0.0,-1.5062085788462465,0.0
99,0.0,6.4657353856298005,0.0,19.931346350375012,0.0,19.690933470113325,-20.32558552339081,-2.981693671260599,0.0,-4.107946995444012,0.0,-5.166432644775654,-22.389351551176738,5.054315703604495,-29.828874429427348,3.5196170515352563,4.691717719769245,0.0,-2.610473447158551,0.0,-4.743624423209031,0.0,0.0,-0.03673821942453692,0.0,0.010851706049086474,0.0,-0.0001484422068820379,0.0,0.00242807806731804,0.032696676252275125,-0.0458280181617976,0.0,-5.166432645922159,-22.389351551428227,5.054315708067891,-29.828874421998286,3.519617033250899,4.691717728667255,0.0,-2.6104734297586196,0.0,-4.743624448606876,0.0
100,0.0,-10.500742069417468,10.475702324332214,29.378362942218892,10.8710068443707,-33.96201599987192,0.0,5.292067932614408,0.0,-31.986053714770613,0.0,-9.675980366962811,1.9719607079883628,-24.66288537490666,5.807942700189638,0.0,-0.5014902190127124,0.0,-3.824081773860599,0.0,-13.34578175417802,0.0,-0.008563765470626095,-0.011343650684425555,0.0,0.021553348411718076,0.0,-0.021553348411718076,0.0,0.04761383461602264,-0.03627018393159709,-0.011343650684425555,0.0,-9.675980370705894,1.9719607117286264,-24.662885368515063,5.807942686342482,0.0,-0.5014902102830732,0.0,-3.8240817683468764,0.0,-13.345781776115517,0.0
101,0.0,19.872705638158727,0.0,19.698087555143484,-20.398081546847546,-2.906558725353525,0.0,-15.471342107102881,-2.1081486045802844,2.409146476447166,0.0,6.965040146706714,-29.890659876498294,6.079358722965833,2.8460233541821034,0.0,-2.3727110666093676,0.0,-9.322013045534044,-0.3088969018221588,1.076930373706464,0.0,0.0,0.0108513369413199,0.0,-0.00014843715812062896,0.0,0.001914449026640952,0.03372248678186196,-0.04633983559170218,0.0,0.0,0.0,6.965040150230051,-29.890659869521553,6.079358705621818,2.8460233626608877,0.0,-2.3727110508712457,0.0,-9.32201306679772,-0.30889691033759714,1.0769303876124514,0.0
102,10.26824190112996,29.19635471593809,10.728645890633715,-33.65503374930032,0.0,5.242566046575448,0.0,-24.203798294496348,2.043970874780854,30.892039730520835,0.0,-23.395178438884912,5.477243269362031,0.0,-0.47441842657556244,0.0,-3.6133722490417908,0.0,-9.437364705004187,0.0,17.41318218109124,0.0,0.0,0.021553441518573635,0.0,-0.021553441518573635,0.0,0.047980780768419606,-0.03700395596211159,-0.010976824806308016,0.0,0.0,0.0,-23.39517843149337,5.477243255450914,0.0,-0.4744184183212097,0.0,-3.613372243877766,0.0,-9.43736471959764,0.0,17.41318219686583,0.0
103,0.0,18.36194589406559,-17.803613840301757,-4.102384047154262,0.0,-16.203523788972518,0.0,13.360065985412994,0.0,11.940908449107823,0.0,6.373465343965668,2.361251560330313,0.0,-2.2358954168275047,0.0,-8.405935018526856,-0.9874291196975471,5.707653152695025,5.772319317241148,-10.12121057521152,0.0,0.0,-0.00014843715812062896,0.0,0.001914449026640952,0.03372248678186196,-0.04633983559170218,0.0,0.0,0.0,0.0,0.0,6.373465326180527,2.361251569174039,0.0,-2.2358954020744504,0.0,-8.40593503965672,-0.9874291259839962,5.7076531638972305,5.772319329529729,-10.121210586487827,0.0
104,11.724423397766648,-34.923800462313096,0.0,5.407936912774769,0.0,-25.647590569059588,3.306814682392112,31.978162507014083,0.0,-46.25853493895033,0.0,0.0,-0.46840038066582323,0.0,-3.566599622492972,0.0,-9.3070414104721,0.0,14.391310130557061,-8.294745635888445,10.548650493015,0.0,0.0,-0.021553441518573635,0.0,0.047980780768419606,-0.03700395596211159,-0.010976824806308016,0.0,0.0,0.0,0.0,0.0,0.0,-0.4684003725156316,0.0,-3.5665996173945613,0.0,-9.307041424854457,0.0,14.39131014330206,-8.294745639594115,10.548650499559509,0.0
105,-17.529871076113057,-4.682699266368573,0.0,-16.811747994712878,0.0,13.868812533338915,0.0,0.4805157281133621,-16.348561640767258,-13.068268865950206,0.0,0.0,-2.243955593674185,0.0,-8.325081885266716,-1.2182723558382624,5.736231420966736,6.002812750510966,-6.002812750510977,5.448647282685992,-11.17163718428355,0.0,0.0,0.0017134262003004608,0.03412460195719724,-0.046540967198982486,0.0,0.0,0.0,0.0,0.0,0.0,0.0,0.0,-2.2439555789187438,0.0,-8.325081910105748,-1.2182723552880415,5.736231432175187,6.002812756596798,-6.002812756596776,5.448647288779274,-11.171637203780582,0.0
106,0.0,5.878923808869985,-1.4725403143284854,-26.271829543018875,8.43108161693129,27.78146485144175,0.0,-42.245840150694924,0.0,8.314565576120136,0.0,0.0,-3.5253793596712546,0.0,-9.192379809307088,0.0,13.563114949108462,-6.836483061706589,6.2872683980532145,-7.689908866395767,0.8151451180494207,0.0,0.0,0.04796925139003427,-0.03698163459660009,-0.010987616793434185,0.0,0.0,0.0,0.0,0.0,0.0,0.0,0.0,-3.525379354635283,0.0,-9.19237982351666,0.0,13.563114960685162,-6.83648306323783,6.2872683995984335,-7.689908878385543,0.8151451241735108,0.0
107,0.0,-15.910853943434722,-2.7760884913444084,14.446761431246058,2.4243063914046736,1.3990577343457655,-21.49026440486392,-7.367661466444764,0.0,-35.586764959316184,0.0,0.0,-8.438483646137957,-1.233992076750673,5.815774837810583,6.0798417879805555,-6.079841787980589,5.518625742582339,-8.918467020861842,0.0,-10.182505019666516,0.0,0.03698163459660009,-0.04796925139003427,0.0,0.0,0.0,0.0,0.0,0.0,0.0,0.0,0.0,0.0,-8.438483671150564,-1.2339920761805567,5.815774849068367,6.079841794043683,-6.079841794043683,5.518625748663286,-8.918467034623646,0.0,-10.182505014809706,0.0
108,0.0,-24.31575578889302,1.624254161128258,32.165570327512015,0.0,-43.74031734619983,0.0,0.767738274021168,-20.911301288479535,16.00260506414002,0.0,0.0,-9.25234876394021,0.0,13.514454608826998,-6.598716077026301,6.045469855326235,-7.4550715814487685,-3.3161552338673186,-4.046257047153218,13.18871288694955,0.0,-0.03698163459660009,-0.010987616793434185,0.0,0.0,0.0,0.0,0.0,0.0,0.0,0.0,0.0,0.0,-9.252348778178998,0.0,13.51445462120524,-6.598716080210587,6.0454698585327815,-7.455071595154661,-3.316155230568052,-4.046257039877199,13.188712883534027,0.0
109,-1.4467363285148416,13.77282574083889,1.278396423316286,1.3539171457894295,-19.46200691445941,-7.649888532126425,0.0,-20.37043936957952,0.0,39.154031122127094,0.0,-0.14012813715001404,5.750753822850657,5.044602439759782,-5.044602439759793,4.483706371715646,-8.378139262806922,0.0,-4.860665565858191,7.747257893670062,-13.005260765403037,0.0,0.0,0.0,0.0,0.0,0.0,0.0,0.0,0.0,0.0,0.0,0.0,-0.14012813725334805,5.7507538338571695,5.044602446436097,-5.044602446436097,4.483706378424812,-8.378139276677011,0.0,-4.860665558773558,7.747257890337544,-13.00526076405597,0.0
110,0.0,32.17694498708692,0.0,-42.62195689737642,0.0,-1.326272744562429,-15.643085430959669,22.940750279218534,10.088229905089374,7.824578321579034,0.0,0.0,13.139846116831572,-5.876268048699396,5.32234574883883,-6.723446547523249,-4.061717466888321,-3.2543059756795225,8.618280262535293,-8.618280262535277,0.5386725265758507,0.0,0.0,0.0,0.0,0.0,0.0,0.0,0.0,0.0,0.0,0.0,0.0,0.0,13.139846129086386,-5.87626805193604,5.322345752104507,-6.723446561208135,-4.06171746348567,-3.2543059684820186,8.618280255600519,-8.618280255600519,0.5386725266286918,0.0
111,3.2706108342094087,1.3778862075435327,-22.182775819496527,-6.73778097146287,0.0,-21.190638740527667,0.0,40.38401385126309,0.0,15.274273148457107,0.0,8.03679420420156,-8.03679420420158,7.488120496102269,-9.787798110574663,0.0,-6.528490022814193,10.948014728904965,-11.787852493281692,0.0,8.830419858201044,0.0,0.0,0.0,0.0,0.0,0.0,0.0,0.0,0.0,0.0,0.04595356195471467,0.0,8.036794212806608,-8.036794212806608,7.488120504748008,-9.787798125198943,0.0,-6.528490016946797,10.948014727863553,-11.787852490999583,0.0,8.830419863464867,0.0
112,0.0,-44.68703191926422,0.0,-1.6417722599270324,-16.168625157657246,24.34692557658158,10.215481441979302,16.551807189966006,0.41482046917038495,14.135958699647366,0.0,-5.7572968626405485,5.2050726279713855,-6.60018767958147,-4.14997496872963,-3.133400031325684,8.479496220412974,-8.479496220412958,3.6314185533109167,0.0,7.560723737054503,0.0,0.0,0.0,0.0,0.0,0.0,0.0,0.0,0.00856380826617098,0.02882521197142829,-0.03738902023759927,0.0,-5.757296867679829,5.205072633050767,-6.600187695032189,-4.1499749632953,-3.1334000261887596,8.479496215418303,-8.479496215418303,3.6314185561010293,0.0,7.560723731674379,0.0
113,-24.775370072277035,-5.332367491590695,0.0,-21.250041500514484,0.0,40.48734557117957,0.0,18.567162366194225,0.0,-28.724405628609784,0.0,7.831103977266107,-9.950826794839884,0.0,-6.722109998281583,11.315408990116788,-11.959179085882553,0.0,11.116628651178672,0.0,-8.764012889374134,0.0,0.0,0.0,0.0,0.0,0.0,0.0,0.0,0.03738902023759927,-0.02882521197142829,-0.00856380826617098,0.0,7.831103985695065,-9.950826809319002,0.0,-6.722109992288661,11.31540898884511,-11.959179083458915,0.0,11.116628652840888,0.0,-8.764012892916572,0.0
114,0.0,-4.735600918268679,-7.849934386280388,21.501485050948776,3.825141794396192,18.374391207267536,0.0,4.739586981884036,-11.35277397574126,-11.568845513360104,0.0,-6.8666609142577055,-3.7914421730398384,-3.4506251434736015,8.749713501771888,-8.749713501771888,3.777443054367197,0.0,3.459464170698834,-2.497892442242289,-4.673530411530303,0.0,0.0,0.0,0.0,0.0,0.0,0.00856380826617098,0.02882521197142829,-0.03738902023759927,0.0,0.0,0.0,-6.866660930362478,-3.7914421667854192,-3.450625139217589,8.74971349761362,-8.74971349761362,3.777443057553609,0.0,3.4594641633267864,-2.4978924381659384,-4.673530413582405,0.0
115,0.0,-32.55168055137672,17.963294612666303,35.219478651572885,0.0,19.07201900012727,1.1860372535920316,-31.50955641374047,0.0,42.27764016745326,0.0,0.0,-6.794597825832804,11.467344974385728,-11.973001642585423,0.0,11.019382779642351,0.0,-8.861589860386216,0.0,6.783904771529653,0.0,0.0,0.0,0.0,0.0,0.0,0.03738902023759927,-0.02882521197142829,-0.00856380826617098,0.0,0.0,0.0,0.0,-6.794597820273185,11.46734497394828,-11.973001640180225,0.0,11.019382780632991,0.0,-8.861589863377128,0.0,6.783904736540003,0.0
116,0.0,22.606374425382867,0.0,22.90778912886666,0.0,2.140554779785342,-6.1065160999068,-0.6943751522940911,16.06504188834097,25.923732212671922,0.0,-2.665911583863828,8.113050986355159,-8.113050986355159,3.4289665911978515,0.0,3.1298310610339386,-1.7241756150528198,-1.5944147441526724,0.0,14.819665164392532,0.0,0.0,0.0,0.0,0.008567590826746851,0.028837941439086023,-0.037405532265832875,0.0,0.0,0.0,0.1442032931620929,0.0,-2.665911590792258,8.113050993160954,-8.113050993160954,3.4289666002159214,0.0,3.129831058855981,-1.7241756216750836,-1.5944147591566704,0.0,14.819665182859154,0.0
117,15.501382321234747,38.124853122110025,0.0,20.237395321367877,0.0,-31.871319784920217,0.0,46.77794583784048,8.019506021576639,-16.023582293138094,0.0,11.768315426960857,-12.608580882267972,0.0,11.848658811821288,0.0,-9.520644031609022,0.0,10.561460819553908,5.616594035376976,12.976998061460554,0.0,0.0,0.0,0.0,0.02298158064562017,0.0,-0.02298158064562017,0.0,0.029797877197434985,0.08460385964141892,-0.1144017368388539,0.0,11.768315420934329,-12.608580877280184,0.0,11.848658813236156,0.0,-9.520644035107196,0.0,10.56146078615372,5.61659406595143,12.976998063899448,0.0
118,0.0,20.806300249547593,0.0,2.1631930406838418,-6.005262634081943,-0.6361194339641774,15.171099520992959,15.587435019963758,0.0,-13.679361993436023,0.0,-7.405935844183148,3.0393922400035356,0.0,2.7577305999052335,-0.8326527410369378,-2.1197966328174553,0.0,19.8280974447021,0.9070733140628451,-3.831223344632928,0.0,0.0,0.02298158064562017,0.0,-0.02298158064562017,0.0,0.0,0.0,0.1144017368388539,-0.08460385964141892,-0.029797877197434985,0.0,-7.405935848833511,3.0393922480272506,0.0,2.757730596468022,-0.8326527452074739,-2.1197966497758625,0.0,19.828097462986683,0.9070733175590817,-3.8312233273992025,0.0
119,0.0,18.818517134826696,0.0,-29.508165559017783,0.0,43.435381252617546,7.771424603241073,-17.45812117484231,0.0,-20.17003292407331,0.0,0.0,11.906415577115414,0.0,-9.566503491852368,0.0,10.717012589226266,5.437175892325024,10.323160423699917,-2.5687810015580514,2.413586523144684,0.0,0.0,0.02298158064562017,0.0,-0.02298158064562017,0.0,0.029797877197434985,0.08460385964141892,-0.1144017368388539,0.0,0.0,0.0,0.0,11.906415578891716,0.0,-9.566503495649403,0.0,10.71701255462525,5.43717592587305,10.323160423957201,-2.56878098024369,2.4135865029894177,0.0
120,0.0,2.423385017679891,-6.5785553392578855,-0.6521187975540244,15.91732855467769,15.674351624547267,0.0,-22.498346071634945,0.0,-38.67958405411742,0.0,0.0,4.401953009123455,-4.085213668336085,-0.514652594120063,0.0,18.75495820765482,3.6246043196178745,-2.51707802516693,0.0,-25.285953840963916,0.0,0.0,-0.02298158064562017,0.0,0.0,0.0,0.1144017368388539,-0.08460385964141892,-0.029797877197434985,0.0,0.0,0.0,0.0,4.4019530057956,-4.0852136729876865,-0.5146526111098337,0.0,18.754958226039765,3.624604323479641,-2.517078017651131,0.0,-25.285953864028855,0.0
